title,slug,content,created_on,status
Integrated solution-oriented task-force,say-likely-stock,Whatever thousand accept reduce. Thought line six nice pick condition. Sport call wife great many simply garden. Forget woman floor debate approach.,2024-12-13 20:29:20,published
Distributed next generation initiative,young-field-ask,Above ready force commercial know appear while. Everyone base say my interest story. Personal more whatever Republican thing wear poor. Daughter with enjoy morning million arm successful he.,2020-12-31 23:49:48,archived
User-friendly eco-centric info-mediaries,model-grow-produce,Among bed become couple. Project body stock nearly final maintain land. Call base past. With form him pattern team.,2020-02-19 12:43:30,archived
Secured national migration,ok-sure-almost-him,Want interest fall state rest hair young animal. War speak player north. Detail voice usually defense. Reality sister week move already.,2024-06-06 08:20:47,archived
Profit-focused attitude-oriented product,across-factor-point,Force sound probably role often ok focus. Parent direction television cost. Mind billion camera experience resource teacher.,2024-04-07 15:44:48,draft
Open-source solution-oriented conglomeration,surface-sort-skin,Bank really less only born debate ready. Head compare occur sign not four. Most almost use spend before. Military their range serve. Body community every force worry today trade.,2020-04-20 16:07:49,draft
Diverse multimedia conglomeration,management-shake,Word subject get free say skill. Many friend coach court director study. Situation computer role knowledge central none.,2025-01-07 20:04:19,archived
Public-key needs-based hub,building-bed-rather,Shoulder Mr identify baby. Way always receive outside activity. Animal two nor past direction. Close particular station move station.,2024-10-22 23:44:47,draft
Multi-tiered actuating portal,like-response-here,Career beautiful high full imagine model enjoy. Which why our seem surface year whether. Direction change whole star successful check majority pattern. Individual significant education from bad think.,2023-01-05 06:20:21,published
Face-to-face 24hour data-warehouse,truth-benefit-with,Less sing bank across available open development short. Car city worry it what notice just. Control street kid information. Brother short increase billion what son song. Apply piece summer sell start respond design.,2022-12-21 07:22:38,published
