"title","slug","content","created_on","status","immagine"
"Biodiversity Sampling Week (BSW) - 12-18 Maggio 2025","biodiversity-sampling-week-bsw-12-18-maggio-2025","RICERCATORI E RICERCATRICI ALLEATI PER MAPPARE LA BIODIVERSITÀ ITALIANA E IL SUO STATO DI SALUTE.

NBFC si prepara a una settimana tutta dedicata al monitoraggio della biodiversità (Biodiversity Sampling Week - BSW, 12-18 Maggio 2025) con il coinvolgimento attivo dei/delle suoi/sue scienziati/e. 

Abbiamo predisposto due moduli di adesione. Con il primo modulo (https://docs.google.com/forms/d/e/1FAIpQLSc8MjdeeiBYdJ43dTfAdCTqM37-kWsppsxXomvCcH6YIDAm-A/viewform) è possibile partecipare alla BSW scegliendo una o più attività di monitoraggio in seno a NBFC da condurre in uno o più giorni della settimana.

Con il secondo modulo (https://docs.google.com/forms/d/e/1FAIpQLSdVhvupY4PYbK_foUAirs0KOl0_VZHv52qF_OVybtBtXhYDJw/viewform)  è possibile promuovere attività di citizen science facenti capo a progetti già esistenti, per attività di monitoraggio partecipato da condurre in uno o più giorni della settimana. Il modulo in questo caso verrà condiviso anche con progetti esterni a NBFC, per tramite dell'associazione Citizen Science Italia.

Ulteriori dettagli nella parte introduttiva dei moduli.

Per eventuali richieste di approfondimento:

Attività di monitoraggio NBFC - no citizen science (modulo 1): Maria Cristina Mangano (mariacristina.mangano@szn.it)

Attività di monitoraggio con la citizen science (modulo 2): Andrea Sforzi (andrea.sforzi@unisi.it)


Aiutaci a fare “massa critica”, partecipa anche tu alla Biodiversity Sampling Week!

","2025-04-01 18:00:00","published","01_BSW.png"
"Incontro NBFC-CNR: Biodiversità e Innovazione nelle Aree Protette","incontro-nbfc-cnr-biodiversita-e-innovazione-nelle-aree-protette","Lo scorso 11 ottobre 2024, presso il Consiglio Nazionale delle Ricerche (CNR), si è tenuto l’incontro organizzato da NBFC e CNR con gli enti beneficiari del bando per le Aree Protette italiane. La giornata ha messo in risalto il tema della biodiversità e dell'innovazione all'interno delle aree protette, creando un importante spazio di confronto tra istituzioni, accademici e operatori del settore.

Saluti istituzionali

La mattinata si è aperta con i saluti istituzionali della Prof.ssa Maria Chiara Carrozza, Presidente del CNR, il Cons. Luigi Fiorentino, Presidente NBFC, seguiti dagli interventi di Fabrizio Cobis (MUR) e Francesco Tomas (MASE). Questi interventi hanno sottolineato l'importanza del legame tra ricerca scientifica e pratiche innovative per la protezione della biodiversità italiana.
Scopri di più: https://www.nbfc.it/news/incontro-nbfc-cnr-biodiversita-e-innovazione-nelle-aree-protette (target blank)","2024-10-15 23:49:48","published","02_NBFCIncontro.jpg"
"
School of Ants, a scuola con le formiche 6 maggio - iscrizioni aperte","school-of-ants-a-scuola-con-le-formiche-iscrizioni-aperte","Il progetto italiano “School of Ants: a scuola con le formiche” si inserisce tra i progetti di Citizen Science a tema biodiversità ed è stato sviluppato grazie alla collaborazione tra i ricercatori del Laboratorio di Etologia, Ecologia e Sociobiologia degli Insetti dell’Università di Parma e MUSE. Il progetto ha lo scopo di raccogliere dati sulle formiche che vivono nelle città italiane per poter aumentare le conoscenze sulla biodiversità mirmecologica negli ecosistemi urbani. Raccogliere queste informazioni può servire a capire come l’uomo influenzi la biodiversità urbana in relazione a fenomeni come i cambiamenti climatici o l’avanzata di specie invasive.

Target: docenti di ogni ordine e grado, consigliato per IV e V anno della scuola primaria, scuola secondaria di I e II grado
Relatori: Cristina Castracani – UNIPR, Fiorenza Spotti – UNIPR, Maria Vittoria Zucchelli – MUSE

Quando:
Martedì 6 maggio, orario 16.30-18.30
Durata: è previsto un unico modulo della durata di 2 ore che si svolgerà online sulla piattaforma Teams
Iscrizione: https://events.teams.microsoft.com/event/1df23674-ba4e-480e-9baa-d366f78feb73@87219ebd-8709-46a2-9adc-7b08307118e3","2025-03-31 18:00:00","published","3_formicher.jpg"
"È nato il Tavolo di lavoro NBFC sulla Citizen Science","nato-il-tavolo-di-lavoro-nbfc-sulla-citizen-science","Coordinatore del Tavolo di lavoro NBFC sulla Citizen Science: Andrea Sforzi Direttore del Museo di Storia Naturale della Maremma e Presidente di Citizen Science Italia.

 Il coinvolgimento attivo dei cittadini e delle cittadine nella ricerca scientifica, universalmente noto come Citizen Science o Community Science, sta registrando un crescente interesse a livello nazionale e internazionale, operando nell’interfaccia tra ricerca e società e contribuendo così alla democratizzazione della scienza. Pur riferendosi a tutti i campi scientifici, esso trova nella biodiversità la applicazione elettiva, con un crescente numero di progetti e di partecipanti. Tenendo conto che la Citizen Science costituisce un cambiamento di paradigma nel modo di fare ricerca, è necessario che il suo sviluppo e la sua affermazione proseguano secondo criteri di qualità stabiliti a livello internazionale, garantendo l’uso di protocolli adeguati e la validazione dei dati indispensabili per una affermazione su basi scientifiche di questa promettente realtà. Nel 2023 è nata Citizen Science Italia (CSI), prima associazione nazionale di settore a livello europeo, con lo scopo di promuovere i principi fondanti della scienza partecipativa e dare visibilità ai progetti e alle buone pratiche.

NBFC può svolgere un ruolo fondamentale in questo contesto, in collaborazione con CSI e con il MUR, al fine di strutturare un’azione congiunta a livello nazionale. Per sua stessa natura la Citizen Science interessa trasversalmente tutte le tematiche scientifiche di NBFC e può costituire un elemento qualificante che renda visibile quanto già si sta facendo in questa direzione, promuovendo al contempo lo sviluppo di nuovi progetti e la raccolta di buone pratiche.

 

Con queste premesse il 21 maggio 2024, nell’ambito del primo Forum Nazionale della Biodiversità di NBFC, hanno preso ufficialmente il via i lavori del Tavolo di lavoro NBFC sulla Citizen Science.  Isabella Saggio, capo Spoke 7 e Francesco Frati, capo Spoke 3, hanno introdotto l’incontro, sottolineando come la Citizen Science costituisca una opportunità sempre più importante e trasversale, in grado di traghettare i valori e le attività del centro ben oltre il termine naturale del progetto. E riconoscendo come la Citizen Science possa rappresentare uno degli elementi più significativi, a breve e medio termine, dell’impatto che il NBFC può avere sulla società. Sono questi i motivi per i quali si è ritenuto utile e necessario istituire questo tavolo. Isabella e Francesco hanno quindi presentato il coordinatore del Tavolo di lavoro NBFC sulla Citizen Science, Andrea Sforzi, Direttore del Museo di Storia Naturale della Maremma e Presidente di Citizen Science Italia, che ha introdotto i principali concetti e delineato gli obiettivi e le azioni che il tavolo si propone di portare avanti nei prossimi mesi. 

 

 

Il programma di lavoro prevede due percorsi paralleli, ma tra loro correlati: il primo dedicato a coloro che sono interessati/e al tema senza averne una esperienza specifica, il secondo a coloro che hanno progetti di Citizen Science attivi o conclusi da poco. All’interno del primo percorso verrà promosso un corso su due giornate (eventualmente ripetibile nel tempo) mirato a fornire principi generali, indicazioni, esempi di progetti, modalità di verifica, calcolo dell’impatto, ecc. Una volta stabilizzatosi il numero degli/delle iscritti/e al tavolo verranno individuate le date, la location e predisposto il programma.

Il secondo percorso prevede momenti di confronto e interazione tra coordinatori/trici di progetti, al fine di condividere le buone pratiche, trovare elementi in comune e delineare una strategia di integrazione e sviluppo delle attività di Citizen Science. Una ulteriore azione sarà la realizzazione di una piattaforma nazionale dei progetti di Citizen Science (inclusi quelli esterni ad NBFC), basata sul software open source messo a punto a livello europeo dal progetto Horizon 2020 EU-citizen.science e inserito nel contesto internazionale di settore.

La piattaforma verrà realizzata sotto la supervisione di Citizen Science Italia, che potrà curare l’aggiornamento dei contenuti e i rapporti di collaborazione con le altre realtà europee anche successivamente al termine di NBFC. La stessa costituirà la base per future implementazioni di progetti di Citizen Science in settori diversi da quello della biodiversità. 

 

Un ulteriore obiettivo generale in tema di Citizen Science sarà la prosecuzione del dialogo avviato con il MUR circa la realizzazione di un Centro Nazionale di Riferimento per la Citizen Science che, al pari di quanto sta accadendo in altri paesi europei, possa istituzionalizzare la Citizen Science fornendo servizi, identificando buone pratiche e finanziando progetti.

 

Last but not least, nel Corso dell’incontro di Palermo sono state proposte due “sampling weeks” che interesseranno tutti gli Spoke rispettivamente dal 7 al 13 ottobre 2024 e dal 9 al 15 giugno 2025. Saranno queste due opportunità straordinarie per promuovere attività parallele di monitoraggio attraverso la Citizen Science, per dare ulteriore visibilità e rilevanza alla iniziativa e coinvolgere attivamente la popolazione.","2024-06-10 18:00:00","published","04_tavololavoro.jpg"
