Nome del progetto,Sito web di riferimento,Stato di attività,Scopo principale del progetto,Descrizione degli aspetti di CS (ad esempio in base ai 10 principi di ECSA).,Attività svolte dai partecipanti,PROVINCIA,Regione,"Luogo di svolgimento del progetto (città, provincia)",Entità geografica del progetto,Principale organizzazione promotrice,"Materiali prodotti, kit e/o attrezzature forniti ai partecipanti per svolgere le attività di campo (opzionale)","Note (altri dettagli, repository di dati, pubblicazioni, ecc.)",TAGs/Keywords,immagine
Wikiplantbase #Sardegna,https://bot.biologia.unipi.it/wpb/sardegna/index,attivo,Raccogliere dati di occurence delle specie della flora sarda,Coinvolgimento dei cittadini in una attività scientifica che genera nuove conoscenze e produce risultati scientifici originali. I dati sono resi pubblicamente disponibili.,"raccolta e invio di dati senza foto o video, trascrizioni (ad es. cartellini di reperti museali), immissione dati (propri o di progetto), Immissione di dati da fonti bibliografiche","CAGLIARI.
CARBONIA-IGLESIAS.
MEDIO CAMPIDANO.
NUORO.
OGLIASTRA.
OLBIA-TEMPIO.
ORISTANO.
SASSARI",Sardegna,Sardegna,regionale,,,,"Sardegna, biologia, biodiversità, ambiente, piante vascolari",01_sardegna.jpg
progetto Neptis - Farfalle delle Alpi orientali,https://www.biologia.unipd.it/ricerca/progetti-di-ricerca/progetto-neptis/,attivo,"aumentare in modo sostanziale le attuali conoscenze sulla distribuzione, ecologia e stato di conservazione delle specie di farfalle (Lepidotteri Papilionoidei) che vivono nelle aree collinari e montane dell’Italia nord-orientale","Per il principio 1:  si basa sulla collaborazione volontaria di chiunque voglia contribuire, condividendo le proprie osservazioni di farfalle sul territorio.
Per il principio 2:  Alla fine del progetto, il database sarà oggetto di una “analisi” definitiva, per ottenere informazioni sulla diffusione, distribuzione, fenologia ed ecologia delle diverse specie nel territorio considerato. I risultati saranno pubblicati in un volume. 
Per il principio 3: il progetto è concepito anche per (i) 2)	promozione di interesse e attenzione verso la biodiversità nell’Italia nord-orientale, in particolare per la fauna “minore” e “invertebrati”; (ii) fornire a persone opportunità e/o stimolo per sviluppare o approfondire conoscenze e competenze professionalizzanti nei settori dell’analisi ambientale, ricerca, educazione ambientale, didattica naturalistica
Per il principio 4: convolgimento nella raccolta dati, nella validazione dei dati, nell'analisi dei dati e nella pubblicazione/divulgazione dei risultati
Per il principio 5: Dopo ogni inverno, quindi, ogni collaboratore riceverà annualmente un report con i risultati preliminari del progetto e le identificazioni delle proprie osservazioni.
Per il principio 6: Tutte le osservazioni saranno raccolte in un database e saranno sottoposte ad una serie di controlli (“validazione”) da parte dei coordinatori, soprattutto per identificare le specie o confermare le identificazioni indicate (sulla base delle fotografie associate), verificare la precisione della georeferenziazione, ecc.
Per il principio 7: il database georiferito sarà reso disponibile per finalità di ricerca e conservazione; i risultati delle analisi saranno pubblicati in un volume.
Per i principi 8, 9, 10: ogni dato rimane associato a osservatore/i e identificatore/i.
","registrazione e invio di foto, audio o video, identificazione foto o reperti, raccolta e invio di dati senza foto o video, raccolta di campioni","Padova,
Trento, 
Bolzano
Belluno, 
Vicenza, 
Verona
Udine
Pordenone",Friuli Venezia Giulia,"Lombardia, Trentino Alto Adige, Veneto, Friuli Venezia Giulia: rilievi collinari e montuosi dell'Italia nord-orientale (Lombardia, Trentino Alto Adige, Veneto, Friuli Venezia Giulia)",regionale,Dipartimento di Biologia dell’Università di Padova,numerosi,,"Alpi orientali, biologia, biodiversità, farfalle, lepidotteri",02_Neptis.png
AlienFish,https://www.facebook.com/alienfish/,attivo,"Lo studio ed il monitoraggio delle specie rare, termofile o aliene nei mari italiani, e più in generale in Mediterraneo. Il progetto è focalizzato prevalentemente (ma non solo) sulle specie ittiche. ","Il progetto prevede la collaborazione di subacquei, pescatori ed altre persone coinvolte a vario titolo in attività legate al mare. Queste persone vengono contattate direttamente tramite conoscenze personali, o tramite l'utilizzo di social network come Facebook. Nei gruppi Facebook di pesca e di biologia marina, infatti, accade spesso che alcuni utenti chiedano identificazioni di pesci o altri organismi osservati/catturati, che talvolta risultano essere specie rare e poco segnalate in Mediterraneo. Abbiamo ora un buon seguito, e persone che ci avvisano tempestivamente quando vengono osservate specie rare, termofile o aliene nei mari italiani. Se da un lato questo ci permette di raccogliere molte segnalazioni di organismi particolari in Mediterraneo, dall'altro ci consente di aiutare le persone coinvolte con il processo di identificazione. I dati raccolti sono di norma utilizzati per pubblicazioni scientifiche, in cui ovviamente i collaboratori vengono ringraziati. Ultimamente stiamo abbinando tecniche molecolari alla citizen science, per avere risultati ancora più solidi. ","registrazione e invio di foto, audio o video, classificazione immagini, raccolta di campioni",Siracusa,Sicilia,Coste italiane e mediterranee in generale,nazionale,Ente Fauna Marina Mediterranea,,https://doi.org/10.3390/hydrobiology3010001 https://doi.org/10.19233/ASHN.2023.09,"Mediterraneo, specie ittiche, specie aliene, fauna marina",03_alienfish.jpg
SharkApp,https://play.google.com/store/apps/details?id=it.szn.sharkapp&hl=it&gl=US,attivo,Identificazione e mappatura delle segnalazioni di squali nelle acque italiane,"I cittadini inviano segnalazioni fotografiche e contestualizzate di avvistamenti di squali nelle acque italiane (diporto, immersione, crociere etc.) e/o in aree costiere (come mercati ittici). In questo modo, è possibie avere un aumento delle segnalazioni, che vengono comunque controllate e censite dagli esperti della SZN, e creare una mappa (disponibile in app) della distribuzione delle specie conosciute di squali nel Mediterraneo italiano. Mappature di questo tipo senza il coinvolgimento attivo degli stakeholder del mare sono quantomeno difficili se non impossibili (e, di fatto, non esistono). Tali mappature permettono una maggior conoscenza e consapevolezza della distribuzione geografica degli squali, e quindi forniscono agli studiosi una serie di preziosi strumenti per la conservazione dei condroitti nelle nostre acque. Tuttavia, il progetto non si limita alle segnalazioni: tramite la diffusione delle buone pratiche di pesca che tengono conto della salvaguardia dei condroitti (nella maggior parte dei casi vittime del bycatch), possono fattivamente cambiare le condizioni di sopravvivenza e tutela di specie ad alto rischio di estinzione locale o globale. 
Tramite l'utilizzo dell'app, i partecipanti possono avere accesso alle mappe, segnalazioni e foto, fornendo così uno strumento prezioso per chi è interessato alla conservazione degli squali. Inoltre, l'app e i deliverable associati forniscono anche una serie di strumenti e manuali per l'identificazione delle specie e, per i pescatori, anche buone pratiche sulla manipolazione e liberazione degli animali. ","registrazione e invio di foto, audio o video, identificazione foto o reperti, immissione dati (propri o di progetto)","Napoli
Genova",Liguria,"Napoli, Genova",nazionale,Stazione Zoologica Anton Dohrn / LIFE,App iOS e Android,,"Mediterraneo, zoologia, squali",04_pexels-valdemaras-d-784301-1700656.jpg
BOB - Behavoural observations in beetles,https://www.spotteron.net/apps/global-community-science-projects/spotteron-citizen-science-app-behavioural-observations-in-beetles,non ancora iniziato,"Registrare comportamenti di alcune specie protette di coleotteri (Lucanus cervus, Rosalia alpina, Morimus asper/funereus)","Il progetto si avvale della collaborazione di volontari nelle fasi di project design e di raccolta dati.
Nel 2024 un gruppo di volontari testerà l'app progettata dallo staff tecnico-scientifico del progetto. Sulla base delle indicazioni pervenutte l'app sarà modificata e nella sua veste definitiva la campagna di osservazioni sarà aperta a tutta la cittadinanza nel 2025.","registrazione e invio di foto, audio o video, classificazione immagini, identificazione foto o reperti, raccolta e invio di dati senza foto o video, immissione dati (propri o di progetto)",Parma,Emilia Romagna,da definire,nazionale,CREA con la collaborazione di Universitò di Parma,da definire,,"Biologia, biodiversità, coleotteri, ",05_BOB_Logo_Positiv-Final.png
LIFE ESC360 - After Life,www.facebook.com/life360esc/,attivo,"Il progetto LIFE ESC360 ""Volunteers for monitoring forest biodiversity in the Italian Natura 2000 network"" aveva lo scopo di reclutare giovani volonari aderenti al corpo europeo di solidarietà per effettuare attività di monitoraggio di specie e habitat protetti all'interno di Riserve Statali gestite dall'Arma dei Carabinieri. Il progetto è attualmente nella fase after-life, nel 2024 e nel 2025 saranno mantenute le attività previste nel progetto seppur in forma ridotta (in termini di numero di volontari e durata dei turni di volontariato)",Volontari di 18-30 anni contribuiscono alla raccola di dati sulla stato di conservazione di specie e habitat protetti nelle Riserve Statali ricadenti all'interno della Rete Natura 2000,"registrazione e invio di foto, audio o video, classificazione immagini, identificazione foto o reperti, raccolta e invio di dati senza foto o video, raccolta di campioni, immissione dati (propri o di progetto), Attività di divulgazione e informazione","Mantova,
Ferrara,
Arezzo,
Forlì-Cesena,
Latina,
Bari,
Brindisi",Puglia,"5 macroaree: 1) Bosco Fontana (MN), 2) Riserve Statli della Marella, 3) Riserve Statali delle Foreste Casentinesei, 4) Riserve Statali del Circeo, 5) Murge orientali",locale,Raggruppamento Biodiversitò dell'Arma dei Carabinieri & CREA,,"Descrizione del progetto (https://zenodo.org/records/7408051), Layman's Report (https://zenodo.org/records/7217461)","Biologia, biodiversità, ",06_lifeESC360.png
Guardiani della Costa,www.guardianidellacosta.it,attivo,"Valutare il livello di naturalità delle spiagge italiane, analizzare i materiali spiaggiati e monitorare micro e mesoplastiche negli arenili","Il programma di CS di Guardiani della Costa rispetta tutti i principi ECSA.
Il programma è dedicato alle scuole superiori italiane. I docenti interessati si registrano sulla piattaforma online e coinvolgono i loro studenti, creando ""squadre"" di rilevatori. Per ogni squadra, ciascun docente adotta un tratto di spiaggia dove effettuare la raccolta dati scientifici. Prima delle uscite sul campo, docenti e studenti vengono formati da ENEA (partner scientifico) sulle tematiche di riferimento e sui protocolli di raccolta dati, attraverso dispense, video webcast, e webinar in diretta dove è possibile interagire con gli esperti, grazie alla piattaforma messa a disposizione da Scuola di Robotica (partner tecnico). Le squadre di Guardiani, coordinate dai rispettivi docenti, effettuano le uscite sui tratti di spiaggia adottati e raccolgono i dati seguendo protocolli specifici elaborati da ENEA. Dati e fotografie vengono caricati dalle squadre sulla piattaforma online. I dati ricevuti vengono verificati da ENEA (validazione). Superata la validazione, i dati vengono elaborati. I risultati vengono restituiti ai partecipanti e al pubblico più ampio attraverso report, webinar in diretta, sistemi interattivi di consultazione online, comunicazioni scientifiche e diffusione su testate giornalistiche.","registrazione e invio di foto, audio o video, analisi dati, raccolta di campioni, immissione dati (propri o di progetto), Partecipazione ad attività formative, raccolta dati sul campo secondo protocolli prestabiliti",Coste italiane,Calabria,nazionale,nazionale,Costa Crociere Foundation,"Dispense, video online, webinar in diretta. Durante i webinar vengono anche fornite istruzioni per la costruzione di semplici strumenti per la raccolta dati.","- L'indirizzo https://www.guardianidellacosta.it/dati-raccolti/ ospita la piattaforma per la consultazione dinamica dei dati raccolti.
- In occasione del 53° congresso della SIBM (Roma 12-13 giugno 2024) è stato presentato il poster dal titolo ""La citizen science nel monitoraggio di rifiuti, meso e microplastiche nelle spiagge italiane. Il coinvolgimento delle scuole nel progetto “Guardiani della Costa”.
- Esempio comunicazione su testate giornalistiche: https://finanza.lastampa.it/News/2024/04/11/ambiente-enea-70mila-studenti-in-campo-per-i-guardiani-della-costa-/MTIxXzIwMjQtMDQtMTFfVExC","Ambiente, microplastiche, spiagge",07_guardiani.png
SOS Pinna: la Subacquea aiuta la Ricerca,,attivo,"Coinvolgere i subacquei amatoriali e professionisti nella ricerca di individui vivi di Pinna nobilissimo e Pinna rudis, due specie protette, la prima a rischio estinzione",I subacquei sono coinvolti nella ricerca di esemplari di Pinna generando nuove conoscenze per la loro distribuzione geografica; traggono vantaggio ricevendo feedback sotto forma di ringraziamenti a congressi e in pubblicazioni oltre che essendo chiamati a descrivere la loro attività nel corso di convegni e seminari pubblici,"registrazione e invio di foto, audio o video, raccolta e invio di dati senza foto o video, immissione dati (propri o di progetto)",Taranto,Puglia,nazionale,nazionale,CNR Istituto di Ricerca sulle Acque (IRSA),Scheda di segnalazione con tutte le informazioni necessarie a validare le segnalazioni ricevute,,"Pinna nobilis, Mediterraneo, Salvaguardia, biodiversità",8_Pinna_nobilis.jpg
Butterfly Monitoring Scheme,https://butterfly-monitoring.net/it/italy-bms,attivo,"Rete europea permanente di raccolta dati semiquantitativi di farfalle, cui abbiamo aderito nel 2019.  ",Tutta la rete si basa sulla raccolta dati da parte di cittadini opportunamente guidati e seguiti,raccolta e invio di dati senza foto o video,Torino,Lombardia,Italia ,nazionale,"A livello europeo Buttefly Conaservatione Europe , in italia coordinato da Simona Bonelli (UNITO) con la collaborazione di Leonardo Dapporto (UNIFI) e Stefano Scalercio (CREA)","Guide, videotutorial manuali
https://butterfly-monitoring.net/index.php/it/guide-da-campo
https://butterfly-monitoring.net/index.php/it/bms-methods","I dati raccolti confluiscono tutti nello stesso data base BCE e producono ogni 5 anni il Butterfly Grassland Indicator richiesto e adottato dalla UE
https://www.eea.europa.eu/data-and-maps/figures/european-grassland-butterfly-indicator","biologia, biodiversità, farfalle, lepidotteri",9_butterfly.png
Filling gaps in geoportals: proposing indicators of shipping impacts and other human activities on marine biodiversity.,Nessuno,attivo,Bridging gaps in geoportals: Georeferencing proposed indicators of maritime traffic and other human activities on marine biodiversity.,"Our Citizen Science project actively involves stakeholders generating production of data. We organized a series of 11 workshops in Naples, University of Naples “Federico II” with stakeholders from the maritime sector to define the criticalities of shipping activities, particularly in relation to marine biodiversity, and assess the geoeconomic trends and solutions for sustainability. We engaged stakeholders in workshops to analyze information and data and co-produce knowledge on what are the drivers of shipping's impact on biodiversity as a genuine science outcome. Integrating georeferenced data into geoportals is crucial for understanding the impacts of maritime traffic and other human activities on marine biodiversity and stakeholders, including Authorities, can significantly contribute to constructing these data sets.  
Stakeholders are procuring data and/or images for the research topics that we will then involve in final workshop. Benefits may include the publication of research outputs, social benefits, satisfaction through contributing to scientific evidence and through that, the potential to influence policy.
Data and meta-data useful for our georeferenced indicators in shipping will take into consideration legal and ethical issues surrounding copyright, intellectual property, data sharing agreements, confidentiality, attribution, and the environmental impact of any activities. Stakeholders' research activities will be officially recognized in project results and publications.
","analisi dati, raccolta e invio di dati senza foto o video, raccolta di campioni, immissione dati (propri o di progetto)",Napoli,Campania,Naples,nazionale,University of Naples Federico II,Nessuno,Articoli in fase di pubblicazione,"Biodiversità marina, mediterraneo",10_geomarine.png
FRAMEWORK Progetto H2020,https://www.framework-biodiversity.eu/,periodicamente attivo,gestione e monitoraggio della biodiversità in agroecosistemi europei coinvolgendo gli agricoltori e la cittadinanza. Una parte del progetto prevede l'organizzazione di BioBlitz nelle aree di studio del progetto. ,"BioBlitz per la cittadinanza, organizzato due volte: prima volta nel 2023 incluso nel City Nature Challenge (con patrocinio NBFC) e seconda volta solo BioBlitz con Museo di Storia Naturale e Sportello di Agroecologia di Calci. Esperti di flora, avifauna, entomofauna, rettili e anfibi hanno guidati i partecipanti in piccoli gruppetti e hanno supportato l'indentificazione degli organismi osservati e fotografati. Abbiamo suggerito l'utilizzo di I-Naturalist per registrare le osservazioni (per CNC). ","registrazione e invio di foto, audio o video, Inserimento immagini su I-Naturalist nel progetto Monte Pisano",Pisa,Toscana,Monte Pisano (zona Calci) in Toscana,locale,Scuola Superiore Sant'Anna di Pisa e Museo di Storia Naturale dell'Università di Pisa a Calci,"Kit per scaricare I-Naturalist, borsa con materiale del BioBlitz","Visto che il progetto europeo finirà nel 2025, stiamo passando l'organizzazione al Museo di Storia Naturale di Calci, e il nostro gruppo di Sant'Anna sosterrà l'evento. Stiamo preparando l'inserimento del BioBlotz nel CNC2025 e abbiamo l'ambizione di coinvolgere altri enti che lavorano sul Monte Pisano per creare una rete di BioBlitz del Monte Pisano. Stiamo lavorando a un sistema per elaborare anche i dati raccolti. I dati sono stati inviati ai partecipanti che hanno dato l'adesione alla mailing list. ","Biodiversità, agroecosistemi, Europa",11_FRAMRwork.jpg
Citizen science for early detection and map the distribution of Halyomorpha halys,N/A,completato,Consentire la individuazione precoce e tracciare/mappare la diffusione di un insetto invasivo assai pericoloso per le colture (la cimice Asiatica Halyomorpha halys),"1) Invito rivolto a diverse categorie di cittadini a contribuire per segnalare tramite email la presenza di cimici asiatiche tramite foto e/o campioni inviati per posta, specificando alcuni dettagli su come/dove quando gli esemplari erano rinvenuti
2) ai cittadini che inviavano messaggi è SEMPRE stata data una risposta (spesso anche a più riprese) per spiegare le motivazioni e l'utilità del coinvolgimento, facendoli sentire parte integrante della raccolta dati e contribuendo a sensibilizzare sulla problematica 
3) i dati raccolti sono stati usati per elaborare la mappa un modello sulla modalità diffusione dell'insetto e ne sono nate due pubblicazioni: a) Maistrello L., Dioli P., Bariselli M., Mazzoli L., Giacalone-Forini I. 2016. Citizen science and early detection of invasive species: phenology of first occurrences of Halyomorpha halys in Southern Europe.  BIOLOGICAL INVASIONS, 18(11):3109-3116. https://doi.org/10.1007/s10530-016-1217-z
b) Maistrello L., Dioli P., Dutto M., Volani S., Pasquali S., Gilioli G. 2018. Tracking the Spread of Sneaking Aliens by Integrating Crowdsourcing and Spatial Modeling: The Italian Invasion of Halyomorpha halys. BIOSCIENCE, 68 (12): 979–989. https://doi.org/10.1093/biosci/biy112
4) L'utilita del coinvolgimento dei cittadini è descritta nel secondo articolo","registrazione e invio di foto, audio o video, raccolta di campioni",,Toscana,Soprattutto Nord Italia,nazionale,UNIMORE (la sottoscritta Lara Maistrello) e Servizio Fitosanitario Regionale dell'Emilia Romagna,,"a) Maistrello L., Dioli P., Bariselli M., Mazzoli L., Giacalone-Forini I. 2016. Citizen science and early detection of invasive species: phenology of first occurrences of Halyomorpha halys in Southern Europe.  BIOLOGICAL INVASIONS, 18(11):3109-3116. https://doi.org/10.1007/s10530-016-1217-z
b) Maistrello L., Dioli P., Dutto M., Volani S., Pasquali S., Gilioli G. 2018. Tracking the Spread of Sneaking Aliens by Integrating Crowdsourcing and Spatial Modeling: The Italian Invasion of Halyomorpha halys. BIOSCIENCE, 68 (12): 979–989. https://doi.org/10.1093/biosci/biy112","Halyomorpha halys, cimice asiatica, specie aliene",12_halyomorpha.jpeg
CS4Rivers,https://www.cs4rivers.unisi.it/,attivo,Valutare e monitorare la qualità degli habitat e della biodiversità degli ecosistemi fluviali,"Coinvolgimento attivo dei volontari nella raccolta e analisi dati, fasi di co-design durante le sessioni di training, attività di restituzione dati dedicate alla cittadinanza, dati raccolti disponibili su piattaforme open access","registrazione e invio di foto, audio o video, analisi dati, raccolta e invio di dati senza foto o video, immissione dati (propri o di progetto)",Siena,Toscana,Province Siena e Grosseto,locale,"Università di Siena, nbfc","produzione di manuali esplicativi dei metodi di campionamento, chiavi dicotomiche semplificate, dotazione di materiale per lo svolgimento dei campionamenti (kit colorimetrici, tubo di Secchi, retino immanicato, pinzette, pipette, schede di campo)",,"biodiversità, ecosistemi fluviali",13_news_logo_SC4RIVERS.png
Sentinelle del Mare - Progetto Biodiversità Subacquea del Mediterraneo ,www.sentinelledelmare.org,attivo,Rilevamento di presenza di taxa nativi del Mediterraneo per scopo di indici di qualità ambientale,"Il progetto Sentinelle del Mare coinvolge attivamente subacquei nella raccolta di dati sulla biodiversità del Mediterraneo, generando dati sulla qualità ambientale delle zone censite e contribuendo all’aumento della conoscenza e consapevolezza nei partecipanti;
I partecipanti volontari del progetto ricevono feedback tramite un report annuale, i social media del progetto e la partecipazione a eventi di divulgazione del turismo e della subacquea (TTG, BIT, EuDi Show, PADI Dive Day…), rendendosi anche disponibile i risultati del progetto e disseminando il riconoscimento dell’aiuto imprescindibile ceduto dai volontari;
Sentinelle del Mare ha  suoi limiti metodologici riconosciuti, essendo considerata una metodologia di ricerca come qualunque altra, con un protocollo di validazione dei dati messo in atto per controllare l’affidabilità dei dati raccolti dai volontari rispetto a quelli raccolti da uno scienziato.","identificazione foto o reperti, raccolta e invio di dati senza foto o video",Bologna,Emilia Romagna,Lungo le coste italiane,nazionale,"Marine Science Group, Università di Bologna",Scheda cartacea con organismi da identificare ,,"biodiversità marina, Mediterraneo, ",14_sentinelledelmare.png
CLIC! Chiocciole Lumache In Città,https://www.inaturalist.org/projects/clic-chiocciole-lumache-in-citta; ,attivo,"Il progetto CLIC! Chiocciole Lumache in Città è il primo progetto di monitoraggio a scala nazionale di molluschi terrestri in ambiente urbano, promosso dal Museo di Storia Naturale Accademia dei Fisiocritici nel 2020 e ospitato alla piattaforma web/app iNaturalist.org. Perché un progetto di citizen science sui molluschi terrestri? Le nostre città sono habitat ricchi di sorprese e tante specie diverse ma la biodiversità urbana è un campo ancora abbastanza inesplorato: molluschi come chiocciole e lumache sono ottimi indicatori di qualità ambientale, soprattutto a livello urbano, poiché svolgono un ruolo cruciale nelle catene alimentari, nella generazione del suolo e nel riciclo dei nutrienti. Obiettivo del monitoraggio è anche capire quali siano gli effetti dei cambiamenti climatici o quali meccanismi causino l'arrivo di specie estranee alla nostra fauna. ","
1. I progetti di Citizen science coinvolgono attivamente i cittadini in attività scientifiche che generano nuova conoscenza o comprensione.
 All'interno di CLIC!, i cittadini agiscono come contributori, caricando volontariamente le proprie osservazioni sulla piattaforma iNaturalist nella pagina del progetto (CLIC! non è un progetto collezione ma un progetto tradizionale: ogni osservazione, per essere correttamente registrata, deve essere caricata attivamente dall'utente spuntando l'inserimento nel progetto corrispondente); alcuni cittadini sono anche curatori del progetto su iNaturalist.  
2. I progetti di Citizen Science producono un risultato scientifico originale. 
Ad oggi sono quasi 2000 le osservazioni relative a 111 specie di molluschi terrestri in ambiente urbano in Italia. Nei prossimi mesi verranno valutati in maniera più strutturata i primi output scientifici del progetto (nuovi dati sulla distribuzione di certi taxa, segnalazione specie aliene, etc.).
3. Sia gli scienziati professionisti sia i cittadini convolti traggono vantaggio dal prendere parte a progetti di Citizen Science. 
E' in cantiere il desiderio di realizzare alcuni prodotti scientifici su riviste internazionali, oltre che un webinar sui caratteri diagnostici dei molluschi per una corretta identificazione. 
4. Le persone coinvolte in progetti di Citizen Science possono, se vogliono, prendere parte a più fasi del processo scientifico. 
5. Le persone coinvolte in progetti di Citizen Science ricevono feedback. 
I feedback vengono forniti sia sul diario di progetto su iNaturalist, sia sulla pagina FB Musnaf Citizen Science (seppur, ultimamente, a ritmo meno sostenuto).
7. Dati e metadati provenienti da progetti di Citizen Science sono resi pubblicamente disponibili e, ove possibile, i risultati sono pubblicati in un formato di libero accesso (open access). 
La piattaforma iNaturalist, per sua stessa natura, permette libero accesso e download dei dati. I cittadini possono anche decidere quale tipo di licenza associare alle foto o all'audio dell'osservazione, ad esempio. 
","registrazione e invio di foto, audio o video, identificazione foto o reperti",Siena,Toscana,"Italia, ambiente urbano",nazionale,Museo di Storia Naturale Accademia dei Fisiocritici in collaborazione con il gruppo di ricerca del prof. Giuseppe Manganelli Università di Siena/NBFC,"1 Brochure divulgativa (https://www.museostorianaturalesiena.it/wp-content/uploads/Brochure_CLIC.pdf), 14 figurine malacologiche (https://www.facebook.com/media/set/?set=a.1022680599417230&type=3) e 3 video divulgativi (""Le ragazze del muretto"": https://www.facebook.com/musnafcitizen/videos/le-ragazze-del-muretto-1a-puntata-progetto-clic/321975568940720) pubblicati sulla pagina FB Musnaf Citizen Science. ","Pagina FB: https://www.facebook.com/musnafcitizen/;
Sito Web Museo: https://www.museostorianaturalesiena.it/partecipa/clic/","molluschi terrestri, chiocciole, lumache, ambiente urbano",15_chiocciole.jpg
"Citizen science per facilitare la relazione fra pazienti e ricercatori,",,periodicamente attivo,"Il reclutamento di pazienti negli studi clinici, sia interventistici che osservazionali, è un tema complesso e delicato. Il coinvolgimento delle associazioni nelle prime fasi dello studio può inoltre rendere l'arruolamento più rapido e affidabile, nonché aiutare a superare possibili iniquità di accesso nei trial clinici. Sempre attraverso le associazioni è possibile mantenere un continuo dialogo con i pazienti, teso alla sensibilizzazione del nucleo familiare e  alla condiviosne dei risultati","Le persone coinvolte in progetti di Citizen Science ricevono feedback. Ad esempio, come i loro dati vengono utilizzati e quali sono i risultati nel campo della ricerca, politico e sociale. I vantaggi possono includere la pubblicazione dei risultati di una ricerca, opportunità di apprendimento, benefici sociali, soddisfazione per aver contribuito a fornire una evidenza scientifica per, un approccio integrato alla soluzione di una determinata patologia complessa.
","raccolta di campioni, immissione dati (propri o di progetto)",Salerno,Campania,"Università di Salerno, Fisciano (SA)",nazionale,"UNISA, NUtriketo_LAb",,"Castaldo, G., Rastrelli, L., Galdo, G., Molettieri, P., Aufiero, F. R., & Cereda, E. (2020). Aggressive weight-loss program with a ketogenic induction phase for the treatment of chronic plaque psoriasis: A proof-of-concept, single-arm, open-label clinical trial. Nutrition, 74, 110757.
Castaldo, G., Pagano, I., Grimaldi, M., Marino, C., Molettieri, P., Santoro, A., ... & Rastrelli, L. (2020). Effect of very-low-calorie ketogenic diet on psoriasis patients: a nuclear magnetic resonance-based metabolomic study. Journal of proteome research, 20(3), 1509-1521.
Marino, C., Pagano, I., Castaldo, G., Grimaldi, M., D’Elia, M., Santoro, A., ... & Rastrelli, L. (2023). Supplementing Low-Sodium Bicarbonate–Calcic (Lete)® Water: Effects in Women on Bone and Systemic Metabolism. Metabolites, 13(11), 1109.
Castaldo, G., Schiavo, L., Pagano, I., Molettieri, P., Conte, A., Sarno, G., ... & Rastrelli, L. (2023). Clinical impact of enteral protein nutritional therapy on patients with obesity scheduled for bariatric surgery: a focus on safety, efficacy, and pathophysiological changes. Nutrients, 15(6), 1492.
Castaldo, G., Marino, C., Atteno, M., D’Elia, M., Pagano, I., Grimaldi, M., ... & Rastrelli, L. (2024). Investigating the Effectiveness of a Carb-Free Oloproteic Diet in Fibromyalgia Treatment. Nutrients, 16(11), 1620.
","studi clinici, trial clinici",16_medicopaziente.jpeg
AIDA Animali Intrusi Dentro le Abitazioni,https://www.inaturalist.org/projects/aida-animali-intrusi-dentro-le-abitazioni,attivo,"In ogni casa, condividiamo la vita quotidiana con centinaia di migliaia di altri esseri viventi alcuni invisibili, altri inaspettati, di aspetto bizzarro, spesso ospiti innocui delle nostre abitazioni. AIDA Animali Intrusi Dentro le Abitazioni è un progetto di monitoraggio a scala nazionale degli organismi animali (invertebrati e vertebrati) che vivono nelle nostre abitazioni, promosso dal Museo di Storia Naturale Accademia dei Fisiocritici (Siena) nel 2021 e ospitato dalla piattaforma web e app iNaturalist. ","1. I progetti di Citizen science coinvolgono attivamente i cittadini in attività scientifiche che generano nuova conoscenza o comprensione. 
All'interno del progetto AIDA i cittadini contribuiscono al caricamento delle osservazioni sulla piattaforma iNaturalist; oltretutto, AIDA non è un progetto collezione ma tradizionale: solo le osservazioni caricate attivamente e volontariamente da ciascun utente all'interno del progetto vengono correttamente registrate (lo stesso vale per il progetto CLIC!). Alcuni cittadini sono anche curatori del progetto. Gli stessi cittadini sono anche, in molti casi, identificatori delle osservazioni di altri utenti. 
2. I progetti di Citizen Science producono un risultato scientifico originale. 
Ad oggi, sono più di 1300 osservazioni caricate su iNaturalist e afferenti a circa 500 taxa diversi di organismi. L' analisi delle osservazioni raccolte saranno utili per la descrizione della fauna domestica autoctona ma anche per avere informazioni su possibili specie aliene, non originarie del territorio, che accidentalmente possono varcare la soglia delle nostre abitazioni, per esempio attraverso il trasporto di piante o altre suppellettili. Inoltre, sarà possibile appurare quali fattori, tra cui le caratteristiche degli animali stessi, l'interazione con l'ambiente domestico, l’attitudine socio-ecologica dell’osservatore oltre che il grado di urbanizzazione e la densità di popolazione, abbiano maggiore influenza sul caricamento dei record.
3. Sia gli scienziati professionisti sia i cittadini convolti traggono vantaggio dal prendere parte a progetti di Citizen Science.
Vedi sopra. 
4. Le persone coinvolte in progetti di Citizen Science possono, se vogliono, prendere parte a più fasi del processo scientifico.
5. Le persone coinvolte in progetti di Citizen Science ricevono feedback.
I feedback (relativi all'andamento di progetto, approfondimenti, presentazioni a convegni etc.) vengono forniti sia sul diario di progetto sia sulla pagina Facebook Musnaf Citizen Science (seppur, come per CLIC!, con meno frequenza negli ultimi tempi)
7. Dati e metadati provenienti da progetti di Citizen Science sono resi pubblicamente disponibili e, ove possibile, i risultati sono pubblicati in un formato di libero accesso (open access). 
La piattaforma di raccolta iNaturalist è, per sua natura, libera e accessibile: i dati possono essere consultati, scaricati e utilizzati da chiunque. 
8. Il contributo delle persone coinvolte in progetti di Citizen Science viene riconosciuto ufficialmente nei risultati dei progetti e nelle pubblicazioni. 
Nelle pubblicazioni in cantiere verrà riconosciuto senza alcun dubbio il contributo dei cittadini. 
10. I responsabili di progetti di Citizen Science prendono in considerazione aspetti legali ed etici relativi a copyright, proprietà intellettuale, accordi sulla condivisione dei dati, confidenzialità, attribuzione e impatto ambientale di ogni attività. 
Ogni utente decide in autonomia di associare una specifica licenza alle foto o ai suoni relativi a ciascuna osservazione caricata sulla piattaforma, ad esempio. ","registrazione e invio di foto, audio o video, identificazione foto o reperti",Siena,Toscana,"Italia, all'interno delle abitazioni",nazionale,Museo di Storia Naturale Accademia dei Fisiocritici in collaborazione con il gruppo di ricerca in Faunistica e Zoogeografia del prof. Giuseppe Manganelli - Università di Siena/NBFC,"1 brochure divulgativa (https://www.museostorianaturalesiena.it/wp-content/uploads/brochure-AIDA.pdf), alcuni disegni degliorganismi più facilmente rinvenibili nelle case corredati da approfondimenti e tips su una corretta identificazione (""L'intruso della settimana"": https://www.facebook.com/media/set/?set=a.400473461637950&type=3)","Pagina FB: https://www.facebook.com/musnafcitizen/
Sito web Museo di Storia Naturale Accademia dei Fisiocritici: https://www.museostorianaturalesiena.it/partecipa/aida/
Articolo divulgativo: https://www.scienzainrete.it/articolo/scoprire-bioma-domestico-attraverso-citizen-science/giorgia-mocilnik/2024-03-28
D. Barbato, A. Benocci, A. Letardi, E. Tordoni, G. Manganelli (2023) Toc, Toc... C’è qualcuno in casa? Svelare la diversità degli animali che vivono nelle nostre abitazioni attraverso la citizen science: il progetto AIDA a tre anni dalla sua creazione. Book of Abstract, pag. 35. Convegno Nazionale Citizen Science Italia, Pisa 24-26 novembre 2023.
","monitoraggio, vertebrati, invertebrati, abitazioni",17-AIDA.jpg
SBC Siena BiodiverCity,https://www.inaturalist.org/projects/siena-biodivercity-la-biodiversita-urbana-a-siena,attivo,"Siena BiodiverCity è un progetto di divulgazione, educazione e ricerca scientifica dedicato alla biodiversità urbana di Siena attraverso un approccio di citizen science. Gli obiettivi del progetto sono:
- creare la cultura della biodiversità e della sostenibilità;
- promuovere attivamente azioni di sensibilizzazione e educazione naturalistica per conoscere, valorizzare e tutelare il patrimonio naturale, gli ecosistemi terrestri e la biodiversità urbana;
- avviare un censimento pluriennale della biodiversità di Siena tramite approccio citizen science;
- promuovere e valorizzare Siena come territorio attivo nella custodia della biodiversità tramite il coinvolgimento dei cittadini.

Il progetto è stato avviato nel 2022 dal Museo di Storia Naturale dell’Accademia dei Fisiocritici che ha vinto, per quell'anno, il bando Reset 2021 della Fondazione Monte dei Paschi di Siena. Le attività di Siena BiodiverCity:

- Ciclo di incontri formativi sulla biodiversità urbana: nel 2022 sono stati realizzati 4 laboratori formativi rivolti a famiglie, studiosi e appassionati, con approfondimenti sui temi della biodiversità urbana. In particolare: lezioni teoriche e pratiche su piante, insetti, pipistrelli, funghi; consigli e suggerimenti per la corretta osservazione e identificazione degli organismi; raccolta sul campo di osservazioni dedicata al proseguimento del censimento della biodiversità urbana a Siena. Al termine di ciascun incontro è stato fornito ai partecipanti un attestato di “Custode della biodiversità”.
- Operazioni BiodiverCity: nel 2022 sono state realizzate varie azioni di partecipazione attiva dal basso proposte dal Museo a tutti i cittadini con lo scopo di diffondere buone pratiche per una corretta riqualificazione ambientale.
Operazione Flower BiodiverCity: produzione di bombe di semi da lanciare nelle aree incolte della città per favorire la nascita di essenze spontanee a vantaggio di api, bombi e altri insetti.
Operazione Home BiodiverCity: creazione di casette – i cosiddetti “bee hotels” – per api solitarie e altri impollinatori.
-  BioBlitz Siena: Tra gli sviluppi del progetto, a partire dal 2022 il Museo, in collaborazione con le associazioni del territorio, organizza ogni anno il BioBlitz Siena, un evento intensivo di citizen science in cui i partecipanti, con l’aiuto di esperti naturalisti, ricercano, identificano, registrano specie di animali, piante, funghi e licheni, in una certa area della città per 24 ore consecutive. In particolare sono due i BioBlitz organizzati ogni anno: un BioBlitz primaverile inserito nella competizione mondiale City Nature Challenge; un MiniBioBlitz della durata di un giorno, in autunno. 
- Progetto collezione permanente “Siena BiodiverCity – La biodiversità urbana a Siena” su iNaturalist (colleziona automaticamente e in maniera continuativa le osservazioni naturalistiche caricate dagli utenti nel territorio del Comune di Siena).
- Sportello della Biodiversità: dal 2022 il Museo ha istituito lo Sportello della Biodiversità, un servizio di consulenza, formazione e supporto per la biodiversità urbana di Siena e del suo territorio. 

","1. I progetti di Citizen science coinvolgono attivamente i cittadini in attività scientifiche che generano nuova conoscenza o comprensione. 
I cittadini sono stati coinvolti attivamente in numerose attività sopratutto durante il 2022, l'anno di piena attuazione del progetto. Successivamente, il progetto è continuato con l'organizzazione annuale del BioBlitz Siena e del MiniBioBlitz autunnale, con un alto tasso di partecipazione all'evento e di caricamento attivo di osservazioni sulla piattaforma iNaturalist.  
2. I progetti di Citizen Science producono un risultato scientifico originale. 
Ad oggi, sono quasi 8000 le osservazioni caricate sul progetto permanente di SBC su iNaturalist e afferenti a circa 1600 taxa diversi di organismi. Più di metà di queste osservazioni provengono da eventi strutturati organizzati all'interno del progetto, soprattuto BioBlitz. 
3. Sia gli scienziati professionisti sia i cittadini convolti traggono vantaggio dal prendere parte a progetti di Citizen Science.
Molti dei partecipanti alle iniziative strutturate SBC continuano a farlo anche negli anni successivi; molti prendono parte anche ad altre attività collaterali proposte dal Museo nella sua programmazione. A livello politico, SBC ha contribuito all'ottenimento, per Siena, della certificazione di prima città d'arte ecosostenibile in Italia. Inoltre, i risultati di SBC hanno sostenuto la vittoria del Comune di Siena nel bando europeo URBACT, che ha l’obiettivo di promuovere buone pratiche nella gestione urbana a livello comunitario. 
4. Le persone coinvolte in progetti di Citizen Science possono, se vogliono, prendere parte a più fasi del processo scientifico.
5. Le persone coinvolte in progetti di Citizen Science ricevono feedback.
Ai partecipanti dei BioBlitz vengono forniti feedback a fine evento, prevalentemente sul numero di osservazioni raccolte, sui taxa segnalati e sulla posizione di Siena nella classifica nazionale e internazionale (BioBlitz Siena è inserito nella competizione mondiale City Nature Challenge che, nell'ultima edizione, ha coinvolto quasi 700 città in tutto il mondo). E' in programma, a 3 anni dal lancio del progetto, una restituzione più strutturata dei risultati ottenuti all'intera cittadinanza (primavera 2025). E' in fase di submission un primo paper scientifico sull'esperienza di SBC, in particolare legata all'engagement. 
7. Dati e metadati provenienti da progetti di Citizen Science sono resi pubblicamente disponibili e, ove possibile, i risultati sono pubblicati in un formato di libero accesso (open access). 
La piattaforma di raccolta iNaturalist è, per sua natura, libera e accessibile: i dati possono essere consultati e scaricati da chiunque. 
8. Il contributo delle persone coinvolte in progetti di Citizen Science viene riconosciuto ufficialmente nei risultati dei progetti e nelle pubblicazioni. 
Nelle pubblicazioni in cantiere verrà riconosciuto senza alcun dubbio il contributo dei cittadini. 
10. I responsabili di progetti di Citizen Science prendono in considerazione aspetti legali ed etici relativi a copyright, proprietà intellettuale, accordi sulla condivisione dei dati, confidenzialità, attribuzione e impatto ambientale di ogni attività. 
Ogni utente decide in autonomia di associare una specifica licenza alle foto o ai suoni relativi a ciascuna osservazione caricata sulla piattaforma, ad esempio. ","registrazione e invio di foto, audio o video, identificazione foto o reperti",Siena,Toscana,Siena,locale,"Museo di Storia Naturale Accademia dei Fisiocritici, in collaborazione con il gruppo di ricerca in Faunistica e Zoogeografia del prof. Giuseppe Manganelli - Università di Siena/NBFC",,"Sito web Museo: https://www.museostorianaturalesiena.it/partecipa/siena-biodivercity/
Comunicazione orale a ECSA 2024: Barbato, D., Benocci, A., Bratto, C., Manganelli, G. (2024). Reconnecting communities to urban nature: insights from the Siena BiodiverCity project. In ECSA 2024 Conference - Vienna 3-6 April - Book of abstract (pp.31-31)","biodiversità, sostenibilità",18_SBC.jpg
segnala la Pinna!,https://www.lifepinna.eu/citizen-science/,periodicamente attivo,Individuare esemplari ancora in vita di Pinna nobilis,"Coinvolgimento cittadini, feedback con portale e gadgets, giornate formative, validazione risultati ","registrazione e invio di foto, audio o video, raccolta e invio di dati senza foto o video",Grosseto,Toscana,Mediterraneo (principalmente Italia),nazionale,Arpal e partner di progetto con contributo IMC su comunicazione e Citizen science ,,,"Pinna nobilis, Mediterraneo, Salvaguardia, biodiversità",19_pinnanobilis.png
PCSI - Plastic Crime Scene Investigation,nessuno per ora,attivo,"Monitoraggio delle Microplastiche nei mari, sulle spiagge e nei fiumi","Gli aspetti della CS in seno al PCSI si sono sviluppati tenendo conto dei 10 punti dell’ECSA, delle linee guida definite da Pietro Greco (le quattro dimensioni e le sei linee di sviluppo) del diritto alla cittadinanza scientifica e al consolidamento e la robustezza dei dati raccolti, la loro validazione e conformità con le agenzie ambientali, per far s^ che non passi come attività ludica ma che possa essere di impatto governativo. 

I cittadini sono stati coinvolti tramite incontri, spiegazioni in piazza e nelle librerie, direttamente grazie al sostegno di una rete culturale solida nel territorio romano. In seno al Comune di Fiumicino è stato coinvolto l’assessorato alle scuole che ha permesso di presentare il progetto ai Presidi delle scuole del Comune. L’I.C. Porto Romano è così diventato scuola pilota del progetto (dall’asilo alle medie) con più di 730 persone coinvolte. Il progetto ha ottenuto il patrocinio del Comune di Fiumicino e di Roma, è stato inserito quindi nel Piano di Transizione Ecologica della Regione Lazio come progetto di particolare interesse regionale, e collabora attivamente con la Tenuta Presidenziale di Castel Porziano per gli accessi nella zona protetta per i monitoraggi. Il coinvolgimento è stato intrapreso anche tramite eventi e quindi lanci di attività di monitoraggio che hanno preso seguito con dirette partecipazioni nelle attività scientifiche sia in spiaggia che in mare anche tramite eventi come il “Tevere day” grande evento di Roma Capitale che ha visto il sindaco Gualtieri direttamente coinvolto nei campionamenti sul Tevere. Nel coinvolgimento diretto e indiretto come contributo e sostegno vi rientrano la capitaneria di Porto di Fiumicino e il nucleo sommozzatori e fluviale dei Vigili del Fuoco di Roma. Nelle Stagioni 2022 e 2023 un totale di 1200 persone hanno attivamente partecipato alle attività scientifiche. Inoltre si è intrapreso la strada di coinvolgimento di persone e imprese locali private che collaborano nello sviluppo del progetto. Inoltre per la prossima linea artistica PCSI è sostenuto dalla Fondazione Michelangelo Pistoletto, e la responsabile è diventata Ambasciatrice del Progetto “Terzo Paradiso”.
Il progetto ha visto produrre nuovi risultati sul monitoraggio delle microplastiche dei mare seguendo le linee guide della Marine Strategy Framework Directive, tale che i dati raccolti dai cittadini possano essere garantiti e certificati secondo una metodologia solida e di una più ampia azione a livello non solo locale e nazionale ma anche europea. A tal fine è stato creato un prototipo che possa essere usato in molteplici modi (pedalò, pattino, canoe, surf, barche a remi, a nuoto a piedi,… ), calibrato e validato con la strumentazione europea, la manta trawl, in modo che i dati siano robusti e confrontabili, abbassando notevolmente i costi della ricerca e permettendo un accesso più ampio possibile alla cittadinanza.

La sempre maggiore volontà locale, e non, di partecipare è stata misurata in diversi modi: la crescita delle scuole che desiderano partecipare, come genitori che hanno organizzato i propri figli e famiglie in giornate ad hoc dedicate al monitoraggio, una sempre maggiore attenzione anche da parte delle istituzioni ed enti di ricerca, danno la misura del vantaggio e anche del piacere a partecipare in attività scientifica dedicate. Più persone hanno partecipato in diverse attività, nelle diverse fasi dell’impianto del progetto, dalla ideazione al conteggio e caratterizzazione del materiale trovato. 
Le persone ricevono feedback in continuo tramite social, incontri pubblici e chiamate dirette. Nel prossimo futuro, con la pubblicazione dei risultati in riviste scientifiche open science saranno organizzati anche incontri dedicati in piazza e in librerie.
A tale fine è proprio di questi giorni, la definizione di un portale on line dove i dati raccolti saranno accessibili a tutti (quelli passati e quelli futuri) anche con la presa in diretta dei dati tramite smartphone ed invio di mailing list.
Per il riconoscimento dei contributi dei cittadini nelle attività scientifiche si è scelto di raccogliere le liberatorie per considerarli co-autori dei prossimi articoli scientifici, raggruppati quindi in unità investigative, dove i nomi saranno raccoti sotto un elenco in allegati da mandare alle riviste. Pertanto la cittadinanza scientifica che ha preso e prenderà parte al progetto è suddivisa nei seguenti modi:
•	PCSI Prototyping Unit
•	PCSI Sea Unit
•	PCSI Beach Unit
•	PCSI Counter Unit
•	PCSI Lab Unit
•	PCSI Digital Unit
•	PCSI Communication & Organisation Unit

Essendo stato tema di dottorato appena concluso, siamo in attesa di pubblicare, ma la vasta partecipazione passata, e quella che va aumentando in futuro, la strutturazione istituzionale sul territorio e le richieste di ampliare l’esperienza oltre la città di Roma, porta a pensare in questo momento ad un importante impatto. 
Il Progetto è seguito da avvocati (volontari) che curano tutti gli aspetti legali (liberatorie, etc.)","classificazione immagini, analisi dati, identificazione foto o reperti, raccolta e invio di dati senza foto o video, raccolta di campioni, trascrizioni (ad es. cartellini di reperti museali), immissione dati (propri o di progetto)",Roma,Lazio,Roma e Fiumicino,regionale,Università Politecnica delle Marche ,,"è un sviluppo una piattaforma che sarà disponibile per la condivisione dei dati con server e presa in tempo reale dei dati tramite uso di smartphone. I dati  raccolti del monitoraggio saranno cos' disponibili e certificati (per la qualtà dei dati) anche per il confronto con i metodi scientifici ""tradizionali"" delle agenzie ambientali nazionali ed europee come da Marine Strategy Framework Directive (MFSD), le pubblicazioni in fase di perfezionamento saranno tutte in Open Science e divulgate (avendo appena terminato il Dottorato).","ambiente, plastiche, sostenibilità",20_PCSI.jpg
