Tipo,Data Inizio,Data Fine,Nome del progetto,Sito web di riferimento,Stato di attività,Descrizione del progetto,Scopo principale del progetto,Descrizione degli aspetti di CS (ad esempio in base ai 10 principi di ECSA).,PROVINCE,Come partecipare,"Luogo di svolgimento del progetto (città, provincia)",Entità geografica del progetto,Principale organizzazione promotrice,Keywords,immagine,iNaturalist,Risultati,Argomenti scientifici,Tipo di pubblico,Livello difficoltà,Cosa portare,Lat,Lng,Programma finanziamento,Punto di contatto pubblico,E-mail contatto,Email utente,,GeoJSON nome file
Progetto,01/01/2025,,Wikiplantbase #Sardegna,https://bot.biologia.unipi.it/wpb/sardegna/index,active,"Il progetto Wikiplantbase #Sardegna - verso un catalogo collaborativo, online e gratuito delle piante vascolari della Sardegna, intende facilitare la raccolta e la consultazione di dati floristici per la Sardegna, con un'interfaccia liberamente accessibile ed aperta al contributo di tutti. E' possibile inserire segnalazioni tratte da campioni d'erbario, libri, articoli pubblicati su riviste scientifiche e osservazioni personali. Le segnalazioni georeferenziate sono cartografate sulle mappe Google.",Raccogliere dati di occurence delle specie della flora sarda,Coinvolgimento dei cittadini in una attività scientifica che genera nuove conoscenze e produce risultati scientifici originali. I dati sono resi pubblicamente disponibili.,CAGLIARI;CARBONIA-IGLESIAS;MEDIO CAMPIDANO;NUORO;OGLIASTRA;OLBIA-TEMPIO;ORISTANO;SASSARI,Per maggiori informazioni contatta la mail di riferimento o visita il sito del progetto,Sardegna,regionale,Università degli Studi di Sassari ,"Sardegna, biologia, biodiversità, ambiente, piante vascolari",01_sardegna.jpg,,,scienze naturali,Ricercatori; Pubblico generico; Appassionati,Facile,,,,,Simonetta Bagella,sbagella@uniss.it,sbagella@uniss.it,,1
Progetto,01/01/2025,,progetto Neptis - Farfalle delle Alpi orientali,https://www.biologia.unipd.it/ricerca/progetti-di-ricerca/progetto-neptis/,active,"Neptis è un progetto di ricerca per aumentare in modo sostanziale le attuali conoscenze sulla distribuzione, ecologia e stato di conservazione delle specie di farfalle (Lepidotteri Papilionoidei) che vivono nelle aree collinari e montane dell’Italia nord-orientale.
 È un progetto di “citizen science”, ossia si basa sulla collaborazione volontaria di chiunque voglia contribuire, condividendo le proprie osservazioni di farfalle sul territorio.
 Il progetto durerà 3 anni. È coordinato da Lucio Bonato, assieme a Enrico Carta, Luca Gregnanin ed Enrico Vettorazzo. È promosso dal Dipartimento di Biologia dell’Università di Padova e dal Parco Nazionale Dolomiti Bellunesi.","aumentare in modo sostanziale le attuali conoscenze sulla distribuzione, ecologia e stato di conservazione delle specie di farfalle (Lepidotteri Papilionoidei) che vivono nelle aree collinari e montane dell’Italia nord-orientale","Per il principio 1:  si basa sulla collaborazione volontaria di chiunque voglia contribuire, condividendo le proprie osservazioni di farfalle sul territorio.
Per il principio 2:  Alla fine del progetto, il database sarà oggetto di una “analisi” definitiva, per ottenere informazioni sulla diffusione, distribuzione, fenologia ed ecologia delle diverse specie nel territorio considerato. I risultati saranno pubblicati in un volume. 
Per il principio 3: il progetto è concepito anche per (i) 2)	promozione di interesse e attenzione verso la biodiversità nell’Italia nord-orientale, in particolare per la fauna “minore” e “invertebrati”; (ii) fornire a persone opportunità e/o stimolo per sviluppare o approfondire conoscenze e competenze professionalizzanti nei settori dell’analisi ambientale, ricerca, educazione ambientale, didattica naturalistica
Per il principio 4: convolgimento nella raccolta dati, nella validazione dei dati, nell'analisi dei dati e nella pubblicazione/divulgazione dei risultati
Per il principio 5: Dopo ogni inverno, quindi, ogni collaboratore riceverà annualmente un report con i risultati preliminari del progetto e le identificazioni delle proprie osservazioni.
Per il principio 6: Tutte le osservazioni saranno raccolte in un database e saranno sottoposte ad una serie di controlli (“validazione”) da parte dei coordinatori, soprattutto per identificare le specie o confermare le identificazioni indicate (sulla base delle fotografie associate), verificare la precisione della georeferenziazione, ecc.
Per il principio 7: il database georiferito sarà reso disponibile per finalità di ricerca e conservazione; i risultati delle analisi saranno pubblicati in un volume.
Per i principi 8, 9, 10: ogni dato rimane associato a osservatore/i e identificatore/i.
",Padova;Trento;Bolzano;Belluno;Vicenza;Verona;Udine;Pordenone,Per maggiori informazioni contatta la mail di riferimento o visita il sito del progetto,"Lombardia, Trentino Alto Adige, Veneto, Friuli Venezia Giulia: rilievi collinari e montuosi dell'Italia nord-orientale (Lombardia, Trentino Alto Adige, Veneto, Friuli Venezia Giulia)",regionale,Dipartimento di Biologia dell’Università di Padova,"Alpi orientali, biologia, biodiversità, farfalle, lepidotteri",02_Neptis.png,,,scienze naturali,Ricercatori; Pubblico generico; Appassionati,Facile,,,,,Lucio Bonato,lucio.bonato@unipd.it,lucio.bonato@unipd.it,,2
Progetto,01/01/2025,,AlienFish,https://www.facebook.com/alienfish/,active,"Il progetto si propone di studiare e monitorare la presenza e la diffusione di specie rare, termofile o aliene nei mari italiani e, più in generale, nel Mediterraneo, con particolare attenzione (ma non esclusivamente) alle specie ittiche.
 
 L’attività si fonda su un approccio di citizen science, che coinvolge subacquei, pescatori e altre persone legate al mare. I collaboratori vengono contattati attraverso reti personali oppure tramite social network, in particolare Facebook, dove spesso gli utenti condividono osservazioni e chiedono supporto per l’identificazione di pesci o altri organismi. Alcune di queste segnalazioni si rivelano di grande interesse scientifico, in quanto riguardano specie poco comuni o scarsamente documentate nel Mediterraneo.
 
 Grazie alla partecipazione crescente della comunità, è stato possibile costruire una rete di segnalazioni tempestive che non solo arricchiscono il monitoraggio scientifico, ma offrono anche un supporto diretto agli osservatori attraverso processi di identificazione accurati.
 
 I dati raccolti vengono impiegati per la produzione di pubblicazioni scientifiche, con un riconoscimento formale dei contributi ricevuti dai collaboratori. Inoltre, il progetto integra oggi tecniche molecolari alle osservazioni di citizen science, al fine di rafforzare la solidità e l’affidabilità dei risultati ottenuti.","Lo studio ed il monitoraggio delle specie rare, termofile o aliene nei mari italiani, e più in generale in Mediterraneo. Il progetto è focalizzato prevalentemente (ma non solo) sulle specie ittiche. ","Il progetto prevede la collaborazione di subacquei, pescatori ed altre persone coinvolte a vario titolo in attività legate al mare. Queste persone vengono contattate direttamente tramite conoscenze personali, o tramite l'utilizzo di social network come Facebook. Nei gruppi Facebook di pesca e di biologia marina, infatti, accade spesso che alcuni utenti chiedano identificazioni di pesci o altri organismi osservati/catturati, che talvolta risultano essere specie rare e poco segnalate in Mediterraneo. Abbiamo ora un buon seguito, e persone che ci avvisano tempestivamente quando vengono osservate specie rare, termofile o aliene nei mari italiani. Se da un lato questo ci permette di raccogliere molte segnalazioni di organismi particolari in Mediterraneo, dall'altro ci consente di aiutare le persone coinvolte con il processo di identificazione. I dati raccolti sono di norma utilizzati per pubblicazioni scientifiche, in cui ovviamente i collaboratori vengono ringraziati. Ultimamente stiamo abbinando tecniche molecolari alla citizen science, per avere risultati ancora più solidi. ",Siracusa,Per maggiori informazioni contatta la mail di riferimento o visita il sito del progetto,Coste italiane e mediterranee in generale,nazionale,Ente Fauna Marina Mediterranea,"Mediterraneo, specie ittiche, specie aliene, fauna marina",03_alienfish.jpg,,,scienze naturali,Ricercatori; Pubblico generico; Appassionati,Facile,,,,,Alessandro Nota,alessandro.nota@unipv.it,alessandro.nota@unipv.it,,3
Progetto,01/01/2025,,SharkApp,https://play.google.com/store/apps/details?id=it.szn.sharkapp&hl=it&gl=US,active,"Il progetto si concentra sull’identificazione e la mappatura delle segnalazioni di squali nelle acque italiane, con l’obiettivo di aumentare la conoscenza scientifica e la consapevolezza pubblica sulla distribuzione di questi animali nel Mediterraneo.
 
 I cittadini possono contribuire attivamente inviando segnalazioni fotografiche e contestualizzate di avvistamenti di squali, sia in mare aperto (diporto, immersioni, crociere) sia lungo le coste (ad esempio nei mercati ittici). Tutte le segnalazioni vengono verificate e catalogate dagli esperti della Stazione Zoologica Anton Dohrn (SZN), contribuendo alla creazione di una mappa interattiva – disponibile tramite app – della distribuzione delle specie di squali presenti nel Mediterraneo italiano.
 
 Questo approccio partecipativo è fondamentale: senza il coinvolgimento diretto di pescatori, subacquei e appassionati del mare, tali mappature risulterebbero estremamente difficili, se non impossibili. I dati raccolti non solo arricchiscono la conoscenza scientifica, ma forniscono anche strumenti utili per la conservazione dei condroitti, categoria che include specie spesso minacciate e vulnerabili al bycatch.
 
 Il progetto non si limita alla raccolta di segnalazioni: tramite l’app, i partecipanti hanno accesso a mappe, fotografie, guide di identificazione delle specie e manuali con buone pratiche di pesca sostenibile, comprese tecniche per la corretta manipolazione e liberazione degli animali catturati accidentalmente.",Identificazione e mappatura delle segnalazioni di squali nelle acque italiane,"I cittadini inviano segnalazioni fotografiche e contestualizzate di avvistamenti di squali nelle acque italiane (diporto, immersione, crociere etc.) e/o in aree costiere (come mercati ittici). In questo modo, è possibie avere un aumento delle segnalazioni, che vengono comunque controllate e censite dagli esperti della SZN, e creare una mappa (disponibile in app) della distribuzione delle specie conosciute di squali nel Mediterraneo italiano. Mappature di questo tipo senza il coinvolgimento attivo degli stakeholder del mare sono quantomeno difficili se non impossibili (e, di fatto, non esistono). Tali mappature permettono una maggior conoscenza e consapevolezza della distribuzione geografica degli squali, e quindi forniscono agli studiosi una serie di preziosi strumenti per la conservazione dei condroitti nelle nostre acque. Tuttavia, il progetto non si limita alle segnalazioni: tramite la diffusione delle buone pratiche di pesca che tengono conto della salvaguardia dei condroitti (nella maggior parte dei casi vittime del bycatch), possono fattivamente cambiare le condizioni di sopravvivenza e tutela di specie ad alto rischio di estinzione locale o globale. 
Tramite l'utilizzo dell'app, i partecipanti possono avere accesso alle mappe, segnalazioni e foto, fornendo così uno strumento prezioso per chi è interessato alla conservazione degli squali. Inoltre, l'app e i deliverable associati forniscono anche una serie di strumenti e manuali per l'identificazione delle specie e, per i pescatori, anche buone pratiche sulla manipolazione e liberazione degli animali. ",Napoli;Genova,Per maggiori informazioni contatta la mail di riferimento o visita il sito del progetto,"Napoli, Genova",nazionale,Stazione Zoologica Anton Dohrn / LIFE,"Mediterraneo, zoologia, squali",04_pexels-valdemaras-d-784301-1700656.jpg,,,scienze naturali,Ricercatori; Pubblico generico; Appassionati,Facile,,,,,Marco Signore,marco.signore@szn.it,marco.signore@szn.it,,4
Progetto,01/11/2023,31/12/2026,BOB - Behavoural observations in beetles,https://www.spotteron.net/apps/global-community-science-projects/spotteron-citizen-science-app-behavioural-observations-in-beetles,active,"L’app BOB (acronimo di Behavioural Observations in Beetles), un’iniziativa del CREA, è dedicata a contribuire allo studio del comportamento degli insetti protetti in Europa. I cittadini scienziati sono invitati a osservare tre particolari specie di coleotteri presenti nei loro dintorni: il cervo volante (Lucanus cervus), la rosalia alpina (Rosalia alpina) e il morimo (Morimus asper).
 
 Queste tre specie di coleotteri sono tutte protette dalla Direttiva Habitat dell’Unione Europea. Durante la fase larvale, esse dipendono dal legno morto come risorsa fondamentale per il loro sviluppo, motivo per cui sono definite “saproxiliche”. Quando i cittadini scienziati incontrano uno di questi coleotteri, possono osservarlo, scattare una foto e caricarla sull’app BOB insieme ad alcune informazioni richieste. Se i partecipanti hanno difficoltà a identificare con precisione la specie osservata, possono comunque caricare le foto con una descrizione: il team del CREA sarà in grado di lavorare con le informazioni fornite.","Registrare comportamenti di alcune specie protette di coleotteri (Lucanus cervus, Rosalia alpina, Morimus asper/funereus)","Il progetto si avvale della collaborazione di volontari nelle fasi di project design e di raccolta dati.
Nel 2024 un gruppo di volontari testerà l'app progettata dallo staff tecnico-scientifico del progetto. Sulla base delle indicazioni pervenutte l'app sarà modificata e nella sua veste definitiva la campagna di osservazioni sarà aperta a tutta la cittadinanza nel 2025.",Parma,Per maggiori informazioni contatta la mail di riferimento o visita il sito del progetto,Territorio nazionale,nazionale,CREA con la collaborazione di Universitò di Parma,"Biologia, biodiversità, coleotteri, ",05_BOB_Logo_Positiv-Final.png,,,scienze naturali,Ricercatori; Pubblico generico; Appassionati,Facile,,,,,Alessandro Campanaro,alessandro.campanaro@crea.gov.it,alessandro.campanaro@crea.gov.it,,5
Progetto,01/04/2023,30/11/2025,LIFE ESC360 - After Life,www.facebook.com/life360esc/,active,"Obiettivo del progetto Life ESC 360 è quello di offrire ai giovani la possibilità di fare esperienza nella conservazione della natura attraverso attività di monitoraggio di specie protette all’interno di Riserve Statali in Italia; fondamentale per una gestione mirata delle stesse. I dati raccolti dai volontari, rappresentano un incremento di conoscenza sulla presenza e sull’andamento delle popolazioni di specie di interesse comunitario, anche per le finalità del rapporto tecnico previsto dall’articolo 17 della Direttiva Habitat sul loro stato di conservazione. I volontari opportunatamente formati, applicheranno protocolli standard per il monitoraggio di numerose specie di invertebrati, anfibi, uccelli, mammiferi di interesse comunitario specie e habitat di in prevalenza forestali.","Il progetto LIFE ESC360 ""Volunteers for monitoring forest biodiversity in the Italian Natura 2000 network"" aveva lo scopo di reclutare giovani volonari aderenti al corpo europeo di solidarietà per effettuare attività di monitoraggio di specie e habitat protetti all'interno di Riserve Statali gestite dall'Arma dei Carabinieri. Il progetto è attualmente nella fase after-life, nel 2024 e nel 2025 saranno mantenute le attività previste nel progetto seppur in forma ridotta (in termini di numero di volontari e durata dei turni di volontariato)",Volontari di 18-30 anni contribuiscono alla raccola di dati sulla stato di conservazione di specie e habitat protetti nelle Riserve Statali ricadenti all'interno della Rete Natura 2000,Mantova;Ferrara;Arezzo;Forlì-Cesena;Latina;Bari;Brindisi,Per maggiori informazioni contatta la mail di riferimento o visita il sito del progetto,"5 macroaree: 1) Bosco Fontana (MN), 2) Riserve Statli della Marella, 3) Riserve Statali delle Foreste Casentinesei, 4) Riserve Statali del Circeo, 5) Murge orientali",locale,Raggruppamento Biodiversitò dell'Arma dei Carabinieri & CREA,"Biologia, biodiversità, ",06_lifeESC360.png,,,scienze naturali,Ricercatori; Pubblico generico; Appassionati,Facile,,,,,Alessandro Campanaro,alessandro.campanaro@crea.gov.it,alessandro.campanaro@crea.gov.it,,6
Progetto,01/01/2025,,Guardiani della Costa,www.guardianidellacosta.it,active,"Guardiani della Costa è un progetto educativo che si inserisce all’interno del percorso didattico delle scuole superiori rivolto a studenti e docenti di tutti gli istituti scolastici d’Italia.
 
 Lo definiamo un progetto di citizen science, ovvero di scienza applicata collettivamente da cittadini e cittadine informati e responsabili. Vivere quest’esperienza è semplice: con una serie di strumenti gratuiti gli studenti potranno aumentare la loro consapevolezza sull’unicità del patrimonio naturalistico delle coste italiane, sui problemi che derivano dall’inquinamento marino, in particolare dall’aumento dei rifiuti marini lungo le coste.","Valutare il livello di naturalità delle spiagge italiane, analizzare i materiali spiaggiati e monitorare micro e mesoplastiche negli arenili","Il programma di CS di Guardiani della Costa rispetta tutti i principi ECSA.
Il programma è dedicato alle scuole superiori italiane. I docenti interessati si registrano sulla piattaforma online e coinvolgono i loro studenti, creando ""squadre"" di rilevatori. Per ogni squadra, ciascun docente adotta un tratto di spiaggia dove effettuare la raccolta dati scientifici. Prima delle uscite sul campo, docenti e studenti vengono formati da ENEA (partner scientifico) sulle tematiche di riferimento e sui protocolli di raccolta dati, attraverso dispense, video webcast, e webinar in diretta dove è possibile interagire con gli esperti, grazie alla piattaforma messa a disposizione da Scuola di Robotica (partner tecnico). Le squadre di Guardiani, coordinate dai rispettivi docenti, effettuano le uscite sui tratti di spiaggia adottati e raccolgono i dati seguendo protocolli specifici elaborati da ENEA. Dati e fotografie vengono caricati dalle squadre sulla piattaforma online. I dati ricevuti vengono verificati da ENEA (validazione). Superata la validazione, i dati vengono elaborati. I risultati vengono restituiti ai partecipanti e al pubblico più ampio attraverso report, webinar in diretta, sistemi interattivi di consultazione online, comunicazioni scientifiche e diffusione su testate giornalistiche.",Genova,Per maggiori informazioni contatta la mail di riferimento o visita il sito del progetto,Coste italiane,nazionale,Costa Crociere Foundation,"Ambiente, microplastiche, spiagge",07_guardiani.png,,,scienze naturali,Ricercatori; Pubblico generico; Appassionati,Facile,,,,,Ivo Rossetti,ivo.rossetti@enea.it,ivo.rossetti@enea.it,,7
Progetto,01/01/2025,,SOS Pinna: la Subacquea aiuta la Ricerca,,active,"Il progetto SOS Pinna: la subacquea aiuta la Ricerca è uno strumento per la salvaguardia di Pinna nobilis, specie iconica del Mediterraneo a rischio di estinzione","Coinvolgere i subacquei amatoriali e professionisti nella ricerca di individui vivi di Pinna nobilissimo e Pinna rudis, due specie protette, la prima a rischio estinzione",I subacquei sono coinvolti nella ricerca di esemplari di Pinna generando nuove conoscenze per la loro distribuzione geografica; traggono vantaggio ricevendo feedback sotto forma di ringraziamenti a congressi e in pubblicazioni oltre che essendo chiamati a descrivere la loro attività nel corso di convegni e seminari pubblici,Taranto,Per maggiori informazioni contatta la mail di riferimento o visita il sito del progetto,Coste italiane,nazionale,CNR Istituto di Ricerca sulle Acque (IRSA),"Pinna nobilis, Mediterraneo, Salvaguardia, biodiversità",8_Pinna_nobilis.jpg,,,scienze naturali,Ricercatori; Pubblico generico; Appassionati,Facile,,,,,Fernando Rubino,fernando.rubino@cnr.it,fernando.rubino@cnr.it,,8
Progetto,01/01/2025,,Butterfly Monitoring Scheme,https://butterfly-monitoring.net/it/italy-bms,active,"Il Butterfly Monitoring Scheme (o rete di monitoraggio delle farfalle) consiste nel conteggio delle specie di farfalle seguendo un metodo condiviso in tutta Europa. Il progetto ha lo scopo di valutare l’abbondanza delle popolazioni di farfalle, al fine di stabilire strategie di conservazione appropriate, grazie all’impegno di moltissimi volontari.
 
 Se ti piacciono le farfalle e le camminate all’aria aperte entra anche tu a far parte del ITBMS, condividi la passione per questi meravigliosi insetti con tutta Europa, diventando un cittadino scienziato.","Rete europea permanente di raccolta dati semiquantitativi di farfalle, cui abbiamo aderito nel 2019.  ",Tutta la rete si basa sulla raccolta dati da parte di cittadini opportunamente guidati e seguiti,Torino,Per maggiori informazioni contatta la mail di riferimento o visita il sito del progetto,Italia ,nazionale,"A livello europeo Buttefly Conaservatione Europe , in italia coordinato da Simona Bonelli (UNITO) con la collaborazione di Leonardo Dapporto (UNIFI) e Stefano Scalercio (CREA)","biologia, biodiversità, farfalle, lepidotteri",9_butterfly.png,,,scienze naturali,Ricercatori; Pubblico generico; Appassionati,Facile,,,,,Simona Bonelli,simona.bonelli@unito.it,simona.bonelli@unito.it,,9
Progetto,01/01/2025,,FRAMEWORK Progetto H2020,https://www.framework-biodiversity.eu/,active,"Il progetto ha come obiettivo lo sviluppo di un framework per la gestione e il monitoraggio della biodiversità negli agroecosistemi europei, promuovendo il coinvolgimento attivo sia degli agricoltori sia della cittadinanza. L’approccio si fonda sulla collaborazione tra comunità locali ed esperti, con l’intento di raccogliere dati scientifici e aumentare la consapevolezza sull’importanza della biodiversità nelle aree agricole.
 
 Una parte centrale del progetto è rappresentata dall’organizzazione di BioBlitz nelle aree di studio, eventi che permettono alla popolazione di partecipare direttamente all’osservazione e identificazione delle specie presenti. Nel 2023 sono stati organizzati due BioBlitz:
 
 il primo incluso nel City Nature Challenge, con il patrocinio del NBFC;
 
 il secondo in collaborazione con il Museo di Storia Naturale e lo Sportello di Agroecologia di Calci.
 
 Durante i BioBlitz, esperti di flora, avifauna, entomofauna, rettili e anfibi hanno guidato i partecipanti in piccoli gruppi, fornendo supporto nell’identificazione degli organismi osservati e fotografati. Per il City Nature Challenge è stato suggerito l’utilizzo della piattaforma iNaturalist per registrare le osservazioni, così da contribuire alla raccolta di dati condivisi a livello globale.",gestione e monitoraggio della biodiversità in agroecosistemi europei coinvolgendo gli agricoltori e la cittadinanza. Una parte del progetto prevede l'organizzazione di BioBlitz nelle aree di studio del progetto. ,"BioBlitz per la cittadinanza, organizzato due volte: prima volta nel 2023 incluso nel City Nature Challenge (con patrocinio NBFC) e seconda volta solo BioBlitz con Museo di Storia Naturale e Sportello di Agroecologia di Calci. Esperti di flora, avifauna, entomofauna, rettili e anfibi hanno guidati i partecipanti in piccoli gruppetti e hanno supportato l'indentificazione degli organismi osservati e fotografati. Abbiamo suggerito l'utilizzo di I-Naturalist per registrare le osservazioni (per CNC). ",Pisa,Per maggiori informazioni contatta la mail di riferimento o visita il sito del progetto,Monte Pisano (zona Calci) in Toscana,locale,Scuola Superiore Sant'Anna di Pisa e Museo di Storia Naturale dell'Università di Pisa a Calci,"Biodiversità, agroecosistemi, Europa",11_FRAMRwork.jpg,,,scienze naturali,Ricercatori; Pubblico generico; Appassionati,Facile,,,,,Raffaella Bullo,r.bullo@pm.univpm.it,r.bullo@pm.univpm.it,,10
Progetto,01/01/2025,,Citizen science for early detection and map the distribution of Halyomorpha halys,N/A,completed,"L’individuazione precoce delle specie aliene invasive e la possibilità di tracciare la loro diffusione sono aspetti fondamentali per prendere decisioni efficaci di gestione e contenimento. La citizen science rappresenta uno strumento prezioso per raccogliere rapidamente informazioni sulla biodiversità e sulla distribuzione delle specie.
 
 La cimice asiatica marrone marmorizzata (Halyomorpha halys) è un insetto invasivo altamente dannoso per le colture agricole e considerato anche una fastidiosa presenza nelle abitazioni. In Italia è stata segnalata per la prima volta nel 2012 in Emilia-Romagna, una delle principali regioni frutticole d’Europa.
 
 Per ottenere rapidamente dati sulla sua distribuzione nelle aree invase, è stata avviata un’indagine che ha combinato attività di citizen science e ricerche dirette, anche attraverso l’uso di canali multimediali. Sono stati raccolti dati relativi a quando, dove e come l’insetto è stato osservato, insieme a fotografie e campioni.",Consentire la individuazione precoce e tracciare/mappare la diffusione di un insetto invasivo assai pericoloso per le colture (la cimice Asiatica Halyomorpha halys),"1) Invito rivolto a diverse categorie di cittadini a contribuire per segnalare tramite email la presenza di cimici asiatiche tramite foto e/o campioni inviati per posta, specificando alcuni dettagli su come/dove quando gli esemplari erano rinvenuti
2) ai cittadini che inviavano messaggi è SEMPRE stata data una risposta (spesso anche a più riprese) per spiegare le motivazioni e l'utilità del coinvolgimento, facendoli sentire parte integrante della raccolta dati e contribuendo a sensibilizzare sulla problematica 
3) i dati raccolti sono stati usati per elaborare la mappa un modello sulla modalità diffusione dell'insetto e ne sono nate due pubblicazioni: a) Maistrello L., Dioli P., Bariselli M., Mazzoli L., Giacalone-Forini I. 2016. Citizen science and early detection of invasive species: phenology of first occurrences of Halyomorpha halys in Southern Europe.  BIOLOGICAL INVASIONS, 18(11):3109-3116. https://doi.org/10.1007/s10530-016-1217-z
b) Maistrello L., Dioli P., Dutto M., Volani S., Pasquali S., Gilioli G. 2018. Tracking the Spread of Sneaking Aliens by Integrating Crowdsourcing and Spatial Modeling: The Italian Invasion of Halyomorpha halys. BIOSCIENCE, 68 (12): 979–989. https://doi.org/10.1093/biosci/biy112
4) L'utilita del coinvolgimento dei cittadini è descritta nel secondo articolo",Modena,Per maggiori informazioni contatta la mail di riferimento o visita il sito del progetto,Soprattutto Nord Italia,nazionale,UNIMORE e Servizio Fitosanitario Regionale dell'Emilia Romagna,"Halyomorpha halys, cimice asiatica, specie aliene",12_halyomorpha.jpeg,,,scienze naturali,Ricercatori; Pubblico generico; Appassionati,Facile,,,,,Lara Maistrello,lara.maistrello@unimore.it,lara.maistrello@unimore.it,,11
Progetto,01/01/2025,,CS4Rivers,https://www.cs4rivers.unisi.it/,active,"CS4RIVERS è un progetto di citizen science condotto dall’unità scientifica dell’Università di Siena responsabile dello Spoke 3 del National Biodiversity Future Center, un progetto finanziato dal PNRR che aggrega la ricerca scientifica nazionale di eccellenza e le moderne tecnologie per monitorare, preservare e ripristinare la biodiversità italiana e mediterranea al fine di contrastare l’impatto antropico, gli effetti dei cambiamenti climatici e di supportare i servizi ecosistemici in chiave sostenibile.",Valutare e monitorare la qualità degli habitat e della biodiversità degli ecosistemi fluviali,"Coinvolgimento attivo dei volontari nella raccolta e analisi dati, fasi di co-design durante le sessioni di training, attività di restituzione dati dedicate alla cittadinanza, dati raccolti disponibili su piattaforme open access",Siena,Per maggiori informazioni contatta la mail di riferimento o visita il sito del progetto,Province Siena e Grosseto,locale,"Università di Siena, nbfc","biodiversità, ecosistemi fluviali",13_news_logo_SC4RIVERS.png,,,scienze naturali,Ricercatori; Pubblico generico; Appassionati,Facile,,,,,Alessio Polvani,alessio.polvani@student.unisi.it,alessio.polvani@student.unisi.it,,12
Progetto,01/01/2025,,Sentinelle del Mare - Progetto Biodiversità Subacquea del Mediterraneo ,www.sentinelledelmare.org,active,"Il monitoraggio della biodiversità è uno strumento fondamentale per valutare lo stato di salute dell’ambiente, ma le istituzioni spesso non dispongono di risorse economiche e di personale sufficienti per condurre campagne su larga scala. Per questo motivo è nato il DUEproject – Divers United for the Environment, un programma dedicato al monitoraggio della biodiversità del Mar Mediterraneo con il contributo diretto dei cittadini.
 
 Il progetto è stato ideato da un gruppo di ricercatori dell’Università di Bologna, con l’obiettivo di proteggere la fragile vita marina mediterranea attraverso il coinvolgimento della comunità dei subacquei ricreativi.
 
 La nostra missione è:
 
 Coinvolgere migliaia di subacquei nella raccolta di dati sulla presenza e abbondanza delle principali specie mediterranee;
 
 Accrescere la conoscenza e la consapevolezza ambientale;
 
 Stimolare le autorità locali a migliorare la gestione delle risorse marine.
 
 Attraverso il DUEproject, la citizen science e la passione dei subacquei diventano strumenti concreti per la tutela del Mediterraneo e delle sue preziose risorse naturali.",Rilevamento di presenza di taxa nativi del Mediterraneo per scopo di indici di qualità ambientale,"Il progetto Sentinelle del Mare coinvolge attivamente subacquei nella raccolta di dati sulla biodiversità del Mediterraneo, generando dati sulla qualità ambientale delle zone censite e contribuendo all’aumento della conoscenza e consapevolezza nei partecipanti;
I partecipanti volontari del progetto ricevono feedback tramite un report annuale, i social media del progetto e la partecipazione a eventi di divulgazione del turismo e della subacquea (TTG, BIT, EuDi Show, PADI Dive Day…), rendendosi anche disponibile i risultati del progetto e disseminando il riconoscimento dell’aiuto imprescindibile ceduto dai volontari;
Sentinelle del Mare ha  suoi limiti metodologici riconosciuti, essendo considerata una metodologia di ricerca come qualunque altra, con un protocollo di validazione dei dati messo in atto per controllare l’affidabilità dei dati raccolti dai volontari rispetto a quelli raccolti da uno scienziato.",Bologna,Per maggiori informazioni contatta la mail di riferimento o visita il sito del progetto,Lungo le coste italiane,nazionale,"Marine Science Group, Università di Bologna","biodiversità marina, Mediterraneo, ",14_sentinelledelmare.png,,,scienze naturali,Ricercatori; Pubblico generico; Appassionati,Facile,,,,,Due Project,info@DUEproject.org,info@DUEproject.org,,13
Progetto,01/04/2020,,CLIC! Chiocciole Lumache In Città,https://www.inaturalist.org/projects/clic-chiocciole-lumache-in-citta; ,active,"Si tratta di un progetto di citizen science di monitoraggio a scala nazionale di molluschi terrestri in ambiente urbano, promosso dal Museo di Storia Naturale Accademia dei Fisiocritici. Le nostre città ospitano habitat ricchi e diversificati, ma la biodiversità urbana è un campo ancora abbastanza inesplorato: chiocciole e lumache sono ottimi indicatori di qualità ambientale, soprattutto a livello urbano, poiché svolgono un ruolo cruciale nella generazione del suolo e nel riciclo dei nutrienti. Obiettivo del monitoraggio è anche capire gli effetti dei cambiamenti climatici o quali meccanismi causino l’arrivo di specie aliene.ù","Il progetto CLIC! Chiocciole Lumache in Città è il primo progetto di monitoraggio a scala nazionale di molluschi terrestri in ambiente urbano, promosso dal Museo di Storia Naturale Accademia dei Fisiocritici nel 2020 e ospitato alla piattaforma web/app iNaturalist.org. Perché un progetto di citizen science sui molluschi terrestri? Le nostre città sono habitat ricchi di sorprese e tante specie diverse ma la biodiversità urbana è un campo ancora abbastanza inesplorato: molluschi come chiocciole e lumache sono ottimi indicatori di qualità ambientale, soprattutto a livello urbano, poiché svolgono un ruolo cruciale nelle catene alimentari, nella generazione del suolo e nel riciclo dei nutrienti. Obiettivo del monitoraggio è anche capire quali siano gli effetti dei cambiamenti climatici o quali meccanismi causino l'arrivo di specie estranee alla nostra fauna. ","
1. I progetti di Citizen science coinvolgono attivamente i cittadini in attività scientifiche che generano nuova conoscenza o comprensione.
 All'interno di CLIC!, i cittadini agiscono come contributori, caricando volontariamente le proprie osservazioni sulla piattaforma iNaturalist nella pagina del progetto (CLIC! non è un progetto collezione ma un progetto tradizionale: ogni osservazione, per essere correttamente registrata, deve essere caricata attivamente dall'utente spuntando l'inserimento nel progetto corrispondente); alcuni cittadini sono anche curatori del progetto su iNaturalist.  
2. I progetti di Citizen Science producono un risultato scientifico originale. 
Ad oggi sono quasi 2000 le osservazioni relative a 111 specie di molluschi terrestri in ambiente urbano in Italia. Nei prossimi mesi verranno valutati in maniera più strutturata i primi output scientifici del progetto (nuovi dati sulla distribuzione di certi taxa, segnalazione specie aliene, etc.).
3. Sia gli scienziati professionisti sia i cittadini convolti traggono vantaggio dal prendere parte a progetti di Citizen Science. 
E' in cantiere il desiderio di realizzare alcuni prodotti scientifici su riviste internazionali, oltre che un webinar sui caratteri diagnostici dei molluschi per una corretta identificazione. 
4. Le persone coinvolte in progetti di Citizen Science possono, se vogliono, prendere parte a più fasi del processo scientifico. 
5. Le persone coinvolte in progetti di Citizen Science ricevono feedback. 
I feedback vengono forniti sia sul diario di progetto su iNaturalist, sia sulla pagina FB Musnaf Citizen Science (seppur, ultimamente, a ritmo meno sostenuto).
7. Dati e metadati provenienti da progetti di Citizen Science sono resi pubblicamente disponibili e, ove possibile, i risultati sono pubblicati in un formato di libero accesso (open access). 
La piattaforma iNaturalist, per sua stessa natura, permette libero accesso e download dei dati. I cittadini possono anche decidere quale tipo di licenza associare alle foto o all'audio dell'osservazione, ad esempio. 
",Siena,Per maggiori informazioni contatta la mail di riferimento o visita il sito del progetto,"Italia, ambiente urbano",nazionale,Museo di Storia Naturale Accademia dei Fisiocritici in collaborazione con il gruppo di ricerca del prof. Giuseppe Manganelli Università di Siena/NBFC,"molluschi terrestri, chiocciole, lumache, ambiente urbano",15_chiocciole.jpg,,,scienze naturali,Ricercatori; Pubblico generico; Appassionati,Facile,,43.288000,11.320000,,Debora Barbato,debora.barbato@unisi.it,debora.barbato@unisi.it,,14
Progetto,01/01/2021,,AIDA Animali Intrusi Dentro le Abitazioni,https://www.inaturalist.org/projects/aida-animali-intrusi-dentro-le-abitazioni,active,"Progetto di monitoraggio a scala nazionale degli organismi animali (invertebrati e vertebrati) che vivono nelle nostre abitazioni, promosso dal Museo di Storia Naturale Accademia dei Fisiocritici (Siena).
 
 In ogni casa, condividiamo la vita quotidiana con centinaia di migliaia di altri esseri viventi alcuni invisibili, altri inaspettati, di aspetto bizzarro, spesso ospiti innocui delle nostre abitazioni.","In ogni casa, condividiamo la vita quotidiana con centinaia di migliaia di altri esseri viventi alcuni invisibili, altri inaspettati, di aspetto bizzarro, spesso ospiti innocui delle nostre abitazioni. AIDA Animali Intrusi Dentro le Abitazioni è un progetto di monitoraggio a scala nazionale degli organismi animali (invertebrati e vertebrati) che vivono nelle nostre abitazioni, promosso dal Museo di Storia Naturale Accademia dei Fisiocritici (Siena) nel 2021 e ospitato dalla piattaforma web e app iNaturalist. ","1. I progetti di Citizen science coinvolgono attivamente i cittadini in attività scientifiche che generano nuova conoscenza o comprensione. 
All'interno del progetto AIDA i cittadini contribuiscono al caricamento delle osservazioni sulla piattaforma iNaturalist; oltretutto, AIDA non è un progetto collezione ma tradizionale: solo le osservazioni caricate attivamente e volontariamente da ciascun utente all'interno del progetto vengono correttamente registrate (lo stesso vale per il progetto CLIC!). Alcuni cittadini sono anche curatori del progetto. Gli stessi cittadini sono anche, in molti casi, identificatori delle osservazioni di altri utenti. 
2. I progetti di Citizen Science producono un risultato scientifico originale. 
Ad oggi, sono più di 1300 osservazioni caricate su iNaturalist e afferenti a circa 500 taxa diversi di organismi. L' analisi delle osservazioni raccolte saranno utili per la descrizione della fauna domestica autoctona ma anche per avere informazioni su possibili specie aliene, non originarie del territorio, che accidentalmente possono varcare la soglia delle nostre abitazioni, per esempio attraverso il trasporto di piante o altre suppellettili. Inoltre, sarà possibile appurare quali fattori, tra cui le caratteristiche degli animali stessi, l'interazione con l'ambiente domestico, l’attitudine socio-ecologica dell’osservatore oltre che il grado di urbanizzazione e la densità di popolazione, abbiano maggiore influenza sul caricamento dei record.
3. Sia gli scienziati professionisti sia i cittadini convolti traggono vantaggio dal prendere parte a progetti di Citizen Science.
Vedi sopra. 
4. Le persone coinvolte in progetti di Citizen Science possono, se vogliono, prendere parte a più fasi del processo scientifico.
5. Le persone coinvolte in progetti di Citizen Science ricevono feedback.
I feedback (relativi all'andamento di progetto, approfondimenti, presentazioni a convegni etc.) vengono forniti sia sul diario di progetto sia sulla pagina Facebook Musnaf Citizen Science (seppur, come per CLIC!, con meno frequenza negli ultimi tempi)
7. Dati e metadati provenienti da progetti di Citizen Science sono resi pubblicamente disponibili e, ove possibile, i risultati sono pubblicati in un formato di libero accesso (open access). 
La piattaforma di raccolta iNaturalist è, per sua natura, libera e accessibile: i dati possono essere consultati, scaricati e utilizzati da chiunque. 
8. Il contributo delle persone coinvolte in progetti di Citizen Science viene riconosciuto ufficialmente nei risultati dei progetti e nelle pubblicazioni. 
Nelle pubblicazioni in cantiere verrà riconosciuto senza alcun dubbio il contributo dei cittadini. 
10. I responsabili di progetti di Citizen Science prendono in considerazione aspetti legali ed etici relativi a copyright, proprietà intellettuale, accordi sulla condivisione dei dati, confidenzialità, attribuzione e impatto ambientale di ogni attività. 
Ogni utente decide in autonomia di associare una specifica licenza alle foto o ai suoni relativi a ciascuna osservazione caricata sulla piattaforma, ad esempio. ",Siena,Per maggiori informazioni contatta la mail di riferimento o visita il sito del progetto,"Italia, all'interno delle abitazioni",nazionale,Museo di Storia Naturale Accademia dei Fisiocritici in collaborazione con il gruppo di ricerca in Faunistica e Zoogeografia del prof. Giuseppe Manganelli - Università di Siena/NBFC,"monitoraggio, vertebrati, invertebrati, abitazioni",17-AIDA.jpg,,,scienze naturali,Ricercatori; Pubblico generico; Appassionati,Facile,,43.303000,11.340000,,Debora Barbato,debora.barbato@unisi.it,debora.barbato@unisi.it,,15
Progetto,01/02/2022,,SBC Siena BiodiverCity,https://www.inaturalist.org/projects/siena-biodivercity-la-biodiversita-urbana-a-siena,active,"Siena BiodiverCity è un progetto di scienza partecipata del Museo di Storia Naturale Accademia Fisiocritici che ha lo scopo di censire la biodiversità urbana di Siena: scopri e osserva le specie di animali, funghi e piante presenti nel territorio del Comune di Siena e caricale su iNaturalist!","Siena BiodiverCity è un progetto di divulgazione, educazione e ricerca scientifica dedicato alla biodiversità urbana di Siena attraverso un approccio di citizen science. Gli obiettivi del progetto sono:
- creare la cultura della biodiversità e della sostenibilità;
- promuovere attivamente azioni di sensibilizzazione e educazione naturalistica per conoscere, valorizzare e tutelare il patrimonio naturale, gli ecosistemi terrestri e la biodiversità urbana;
- avviare un censimento pluriennale della biodiversità di Siena tramite approccio citizen science;
- promuovere e valorizzare Siena come territorio attivo nella custodia della biodiversità tramite il coinvolgimento dei cittadini.

Il progetto è stato avviato nel 2022 dal Museo di Storia Naturale dell’Accademia dei Fisiocritici che ha vinto, per quell'anno, il bando Reset 2021 della Fondazione Monte dei Paschi di Siena. Le attività di Siena BiodiverCity:

- Ciclo di incontri formativi sulla biodiversità urbana: nel 2022 sono stati realizzati 4 laboratori formativi rivolti a famiglie, studiosi e appassionati, con approfondimenti sui temi della biodiversità urbana. In particolare: lezioni teoriche e pratiche su piante, insetti, pipistrelli, funghi; consigli e suggerimenti per la corretta osservazione e identificazione degli organismi; raccolta sul campo di osservazioni dedicata al proseguimento del censimento della biodiversità urbana a Siena. Al termine di ciascun incontro è stato fornito ai partecipanti un attestato di “Custode della biodiversità”.
- Operazioni BiodiverCity: nel 2022 sono state realizzate varie azioni di partecipazione attiva dal basso proposte dal Museo a tutti i cittadini con lo scopo di diffondere buone pratiche per una corretta riqualificazione ambientale.
Operazione Flower BiodiverCity: produzione di bombe di semi da lanciare nelle aree incolte della città per favorire la nascita di essenze spontanee a vantaggio di api, bombi e altri insetti.
Operazione Home BiodiverCity: creazione di casette – i cosiddetti “bee hotels” – per api solitarie e altri impollinatori.
-  BioBlitz Siena: Tra gli sviluppi del progetto, a partire dal 2022 il Museo, in collaborazione con le associazioni del territorio, organizza ogni anno il BioBlitz Siena, un evento intensivo di citizen science in cui i partecipanti, con l’aiuto di esperti naturalisti, ricercano, identificano, registrano specie di animali, piante, funghi e licheni, in una certa area della città per 24 ore consecutive. In particolare sono due i BioBlitz organizzati ogni anno: un BioBlitz primaverile inserito nella competizione mondiale City Nature Challenge; un MiniBioBlitz della durata di un giorno, in autunno. 
- Progetto collezione permanente “Siena BiodiverCity – La biodiversità urbana a Siena” su iNaturalist (colleziona automaticamente e in maniera continuativa le osservazioni naturalistiche caricate dagli utenti nel territorio del Comune di Siena).
- Sportello della Biodiversità: dal 2022 il Museo ha istituito lo Sportello della Biodiversità, un servizio di consulenza, formazione e supporto per la biodiversità urbana di Siena e del suo territorio. 

","1. I progetti di Citizen science coinvolgono attivamente i cittadini in attività scientifiche che generano nuova conoscenza o comprensione. 
I cittadini sono stati coinvolti attivamente in numerose attività sopratutto durante il 2022, l'anno di piena attuazione del progetto. Successivamente, il progetto è continuato con l'organizzazione annuale del BioBlitz Siena e del MiniBioBlitz autunnale, con un alto tasso di partecipazione all'evento e di caricamento attivo di osservazioni sulla piattaforma iNaturalist.  
2. I progetti di Citizen Science producono un risultato scientifico originale. 
Ad oggi, sono quasi 8000 le osservazioni caricate sul progetto permanente di SBC su iNaturalist e afferenti a circa 1600 taxa diversi di organismi. Più di metà di queste osservazioni provengono da eventi strutturati organizzati all'interno del progetto, soprattuto BioBlitz. 
3. Sia gli scienziati professionisti sia i cittadini convolti traggono vantaggio dal prendere parte a progetti di Citizen Science.
Molti dei partecipanti alle iniziative strutturate SBC continuano a farlo anche negli anni successivi; molti prendono parte anche ad altre attività collaterali proposte dal Museo nella sua programmazione. A livello politico, SBC ha contribuito all'ottenimento, per Siena, della certificazione di prima città d'arte ecosostenibile in Italia. Inoltre, i risultati di SBC hanno sostenuto la vittoria del Comune di Siena nel bando europeo URBACT, che ha l’obiettivo di promuovere buone pratiche nella gestione urbana a livello comunitario. 
4. Le persone coinvolte in progetti di Citizen Science possono, se vogliono, prendere parte a più fasi del processo scientifico.
5. Le persone coinvolte in progetti di Citizen Science ricevono feedback.
Ai partecipanti dei BioBlitz vengono forniti feedback a fine evento, prevalentemente sul numero di osservazioni raccolte, sui taxa segnalati e sulla posizione di Siena nella classifica nazionale e internazionale (BioBlitz Siena è inserito nella competizione mondiale City Nature Challenge che, nell'ultima edizione, ha coinvolto quasi 700 città in tutto il mondo). E' in programma, a 3 anni dal lancio del progetto, una restituzione più strutturata dei risultati ottenuti all'intera cittadinanza (primavera 2025). E' in fase di submission un primo paper scientifico sull'esperienza di SBC, in particolare legata all'engagement. 
7. Dati e metadati provenienti da progetti di Citizen Science sono resi pubblicamente disponibili e, ove possibile, i risultati sono pubblicati in un formato di libero accesso (open access). 
La piattaforma di raccolta iNaturalist è, per sua natura, libera e accessibile: i dati possono essere consultati e scaricati da chiunque. 
8. Il contributo delle persone coinvolte in progetti di Citizen Science viene riconosciuto ufficialmente nei risultati dei progetti e nelle pubblicazioni. 
Nelle pubblicazioni in cantiere verrà riconosciuto senza alcun dubbio il contributo dei cittadini. 
10. I responsabili di progetti di Citizen Science prendono in considerazione aspetti legali ed etici relativi a copyright, proprietà intellettuale, accordi sulla condivisione dei dati, confidenzialità, attribuzione e impatto ambientale di ogni attività. 
Ogni utente decide in autonomia di associare una specifica licenza alle foto o ai suoni relativi a ciascuna osservazione caricata sulla piattaforma, ad esempio. ",Siena,Per maggiori informazioni contatta la mail di riferimento o visita il sito del progetto,Siena,locale,"Museo di Storia Naturale Accademia dei Fisiocritici, in collaborazione con il gruppo di ricerca in Faunistica e Zoogeografia del prof. Giuseppe Manganelli - Università di Siena/NBFC","biodiversità, sostenibilità",18_SBC.jpg,,,scienze naturali,Ricercatori; Pubblico generico; Appassionati,Facile,,43.333000,11.350000,,Debora Barbato,debora.barbato@unisi.it,debora.barbato@unisi.it,,16
Progetto,01/01/2025,,segnala la Pinna!,https://www.lifepinna.eu/citizen-science/,active,"È sempre più difficile osservare individui ancora vivi di Pinna nobilis, il più grande bivalve endemico del Mar Mediterraneo. Questa specie, ritenuta oggi in “pericolo critico” e inserita nella lista rossa IUCN, è minacciata da una malattia, causata dall’azione congiunta di microrganismi, tra cui protozoi e batteri, che negli ultimi anni ha determinato una mortalità senza precedenti di P. nobilis, riducendone drasticamente la popolazione a scala di bacino Mediterraneo. Il progetto LIFE Pinna intende contrastare questo fenomeno per salvaguardare la specie dall’estinzione.
 Il ritrovamento di individui superstiti di Pinna nobilis ancora in salute è essenziale per proteggerli e per studiare le loro capacità di adattamento a livello genetico ed ecologico. Per riuscire in questa impresa è necessario l’aiuto di tutti: non solo degli scienziati, ma anche di subacquei, diportisti e di chiunque ami il mare e la sua biodiversità. Questi grandi molluschi sono ormai rari lungo le nostre coste e ogni segnalazione di individui vivi è preziosa e contribuisce ad aumentare le possibilità di sopravvivenza della specie.
 Le segnalazioni da voi inserite saranno verificate dagli scienziati di LIFE Pinna e per quelle che si riveleranno più significative saranno previsti premi sotto forma di libri, gadgets e la possibilità di visitare i laboratori di ricerca coinvolti del progetto. È quindi una vera caccia al tesoro.",Individuare esemplari ancora in vita di Pinna nobilis,"Coinvolgimento cittadini, feedback con portale e gadgets, giornate formative, validazione risultati ",Grosseto,Per maggiori informazioni contatta la mail di riferimento o visita il sito del progetto,Mediterraneo (principalmente Italia),nazionale,Arpal e partner di progetto con contributo IMC su comunicazione e Citizen science ,"Pinna nobilis, Mediterraneo, Salvaguardia, biodiversità",19_pinnanobilis.png,,,scienze naturali,Ricercatori; Pubblico generico; Appassionati,Facile,,,,,Francesca Carella,francesca.carella@unina.it,francesca.carella@unina.it,,17
Progetto,01/05/2025,,CollembolICE,https://collembolice.unisi.it/,active,"CollembolIce è un progetto di ricerca partecipata (citizen science, ovvero ricerca scientifica cui partecipano attivamente i cittadini e cittadine, in questo caso professioniste e professionisti della montagna e dei ghiacciai), che mira a raccogliere dati sulla biodiversità e sulla distribuzione dei collemboli supraglaciali alpini, le celebri “pulci dei ghiacciai”, e a coinvolgere e sensibilizzare chi frequenta l’alta quota nello studio e il monitoraggio di organismi glaciali.
 La biodiversità delle pulci dei ghiacciai è estremamente specializzata e rara, ancora poco nota a livello globale. Nonostante questo, è già fortemente minacciata di scomparsa dal riscaldamento globale e dall’estinzione dei ghiacciai.",Raccogliere dati sulla biodiversità e sulla distribuzione dei collemboli supraglaciali alpini,"Vengono coinvoli singoli, enti e associazioni che abbiano a cuore i ghiacciai e li frequentino per varie ragioni, per distribuire un kit di campionamento. Sono previsti momenti di approfondimento e di restituzione dei risultati",Aosta;Torino;Alessandria;Asti;Biella;Cuneo;Novara;Verbano-Cusio-Ossola;Vercelli;Genova;Imperia;La Spezia;Savona;Milano;Bergamo;Brescia;Como;Cremona;Lecco;Lodi;Mantova;Monza e Brianza;Pavia;Sondrio;Varese;Trento;Bolzano;Venezia;Belluno;Padova;Rovigo;Treviso;Verona;Vicenza;Bologna;Ferrara;Forlì-Cesena;Modena;Parma;Piacenza;Ravenna;Reggio Emilia;Rimini;Trieste;Gorizia;Udine;Pordenone,Per maggiori informazioni contatta la mail di riferimento o visita il sito del progetto,"Ghiacciai delle regioni Piemonte, Valle d'Aosta, Liguria, Lombardia, Trentino- alto Adige, Veneto, Friuli Venezia Giulia, Emilia Romagna",internazionale,"Università di Siena, nbfc","collemboli, ghiacciai, biodiversità alpina, pulci dei ghiacciai",Barbara-Valle_IMG-20230722 CollembolICE.jpg,,,scienze naturali,Ricercatori; Pubblico generico; Appassionati,Facile,,44.910600,8.610900,,Barbara Valle,barbara.valle@unisi.it,barbara.valle@unisi.it,,18
