Email,Nome e Cognome,Staff (per approvare progetti) SI/NO,note
direzione@museonaturalemaremma.it,Andrea Sforzi,SI,
cristina.castracani@unipr.it,Cristina Castracani,SI,
chiara.vitillo89@gmail.com,Chiara Vitillo,SI,
bruna.gumiero@unibo.it,Bruna Gumiero,SI,da gennaio 2026
domenico.dalelio@szn.it,Domenico D'Alelio,SI,
alessandro.oggioni@cnr.it,Alessandro Oggioni,SI,
caterina.bergami@cnr.it,Caterina Bergami,SI,
gaia.agnello@gmail.com,Gaia Agnello,SI,
alessandro.campanaro@crea.gov.it,Alessandro Campanaro,SI,
